USE `EGS`;

/*!40101 SET @OLD_CHARACTER_SET_CLIENT=@@CHARACTER_SET_CLIENT */;
/*!40101 SET @OLD_CHARACTER_SET_RESULTS=@@CHARACTER_SET_RESULTS */;
/*!40101 SET @OLD_COLLATION_CONNECTION=@@COLLATION_CONNECTION */;
/*!40101 SET NAMES utf8 */;
/*!40103 SET @OLD_TIME_ZONE=@@TIME_ZONE */;
/*!40103 SET TIME_ZONE='+00:00' */;
/*!40014 SET @OLD_UNIQUE_CHECKS=@@UNIQUE_CHECKS, UNIQUE_CHECKS=0 */;
/*!40014 SET @OLD_FOREIGN_KEY_CHECKS=@@FOREIGN_KEY_CHECKS, FOREIGN_KEY_CHECKS=0 */;
/*!40101 SET @OLD_SQL_MODE=@@SQL_MODE, SQL_MODE='NO_AUTO_VALUE_ON_ZERO' */;
/*!40111 SET @OLD_SQL_NOTES=@@SQL_NOTES, SQL_NOTES=0 */;

--
-- Table structure for table `wfl_general_role_type`
--

DROP TABLE IF EXISTS `wfl_general_role_type`;
/*!40101 SET @saved_cs_client     = @@character_set_client */;
/*!40101 SET character_set_client = utf8 */;
CREATE TABLE `wfl_general_role_type` (
  `id` bigint(20) NOT NULL,
  `changed_by` bigint(20) NOT NULL,
  `changed_on` datetime NOT NULL,
  `changed_type` varchar(255) NOT NULL,
  `locked` bit(1) NOT NULL,
  `description` varchar(255) NOT NULL,
  `name` varchar(255) NOT NULL,
  `type` varchar(255) NOT NULL,
  PRIMARY KEY (`id`)
) ENGINE=InnoDB DEFAULT CHARSET=latin1;
/*!40101 SET character_set_client = @saved_cs_client */;

--
-- Dumping data for table `wfl_general_role_type`
--

LOCK TABLES `wfl_general_role_type` WRITE;
/*!40000 ALTER TABLE `wfl_general_role_type` DISABLE KEYS */;
INSERT INTO `wfl_general_role_type` VALUES 
(298,7777,'2015-04-01 13:31:10','PERSIST','\0','Role that should be done by Java','Engine','ENGINE'),
(299,7777,'2015-04-01 13:31:10','PERSIST','\0','Role that should be done by Java','Notifier','GENERAL_NOTIFIER'),
(300,7777,'2015-04-01 13:31:10','PERSIST','\0','Role that should be done by Java','Employee','EMPLOYEE'),
(301,7777,'2015-04-01 13:31:11','PERSIST','\0','Role that should be done by Java','Administrator','ADMINISTRATOR');
/*!40000 ALTER TABLE `wfl_general_role_type` ENABLE KEYS */;
UNLOCK TABLES;

--
-- Table structure for table `wfl_notification_journal`
--

DROP TABLE IF EXISTS `wfl_notification_journal`;
/*!40101 SET @saved_cs_client     = @@character_set_client */;
/*!40101 SET character_set_client = utf8 */;
CREATE TABLE `wfl_notification_journal` (
  `id` bigint(20) NOT NULL,
  `changed_by` bigint(20) NOT NULL,
  `changed_on` datetime NOT NULL,
  `changed_type` varchar(255) NOT NULL,
  `locked` bit(1) NOT NULL,
  `code` varchar(255) NOT NULL,
  `employee_id` varchar(255) NOT NULL,
  `object_map` longblob NOT NULL,
  `status` varchar(255) NOT NULL,
  `subject` varchar(255) NOT NULL,
  `tenant_id` varchar(255) NOT NULL,
  `fk_process_instance_id` bigint(20) NOT NULL,
  `fk_notification_template_id` bigint(20) NOT NULL,
  PRIMARY KEY (`id`),
  KEY `FK_ay42rqwupf02gblbvdn2w5172` (`fk_process_instance_id`),
  KEY `FK_f33qjbn46ja0wlayyb3mr0rbl` (`fk_notification_template_id`),
  CONSTRAINT `FK_f33qjbn46ja0wlayyb3mr0rbl` FOREIGN KEY (`fk_notification_template_id`) REFERENCES `wfl_notification_template` (`id`),
  CONSTRAINT `FK_ay42rqwupf02gblbvdn2w5172` FOREIGN KEY (`fk_process_instance_id`) REFERENCES `wfl_process_instance` (`id`)
) ENGINE=InnoDB DEFAULT CHARSET=latin1;
/*!40101 SET character_set_client = @saved_cs_client */;


--
-- Table structure for table `wfl_notification_template`
--

DROP TABLE IF EXISTS `wfl_notification_template`;
/*!40101 SET @saved_cs_client     = @@character_set_client */;
/*!40101 SET character_set_client = utf8 */;
CREATE TABLE `wfl_notification_template` (
  `id` bigint(20) NOT NULL,
  `changed_by` bigint(20) NOT NULL,
  `changed_on` datetime NOT NULL,
  `changed_type` varchar(255) NOT NULL,
  `locked` bit(1) NOT NULL,
  `template` longblob NOT NULL,
  `templateName` varchar(255) NOT NULL,
  `fk_wfl_organization_id` bigint(20) NOT NULL,
  `fk_process_type_id` bigint(20) NOT NULL,
  PRIMARY KEY (`id`),
  KEY `FK_1aklicx3wf4hg4luy9gt4ow8` (`fk_wfl_organization_id`),
  KEY `FK_l9d77y0vf6v04h57dgcmkutop` (`fk_process_type_id`),
  CONSTRAINT `FK_l9d77y0vf6v04h57dgcmkutop` FOREIGN KEY (`fk_process_type_id`) REFERENCES `wfl_process_type` (`id`),
  CONSTRAINT `FK_1aklicx3wf4hg4luy9gt4ow8` FOREIGN KEY (`fk_wfl_organization_id`) REFERENCES `wfl_organization` (`id`)
) ENGINE=InnoDB DEFAULT CHARSET=latin1;
/*!40101 SET character_set_client = @saved_cs_client */;

--
-- Dumping data for table `wfl_notification_template`
--

LOCK TABLES `wfl_notification_template` WRITE;
/*!40000 ALTER TABLE `wfl_notification_template` DISABLE KEYS */;
INSERT INTO `wfl_notification_template` VALUES 
(366,7777,'2015-04-01 13:31:55','PERSIST','\0','<!DOCTYPE HTML>\n<html>\n<head>\n    <meta http-equiv=\"Content-Type\" content=\"text/html; charset=UTF-8\" />\n    <title>Dear ${recipientName}</title>\n</head>\n<body>\n<h1>Request details</h1>\n<p>At ${requestDate} ${originatorName} from team ${originatorTeam} (${tenant})\n    created a ${notificationName} request for you!</p>\n\n<p>Shift date: ${eventDate} </p>\n\n<a href=\"${link}?&code=${code}&account=${recipientAccount}&tenant=${tenant}$decision=DENY\"> DENY </a>\n&nbsp;&nbsp;&nbsp;\n<a href=\"${link}?&code=${code}&account=${recipientAccount}&tenant=${tenant}$decision=APPROVE\"> APPROVE </a>\n</body>\n</html>\n','emlogis_open_shift_notification_ext',313,303),(367,7777,'2015-04-01 13:31:55','PERSIST','\0','<!DOCTYPE HTML>\n<html>\n<head>\n    <meta http-equiv=\"Content-Type\" content=\"text/html; charset=UTF-8\" />\n    <title>Dear ${recipientName}</title>\n</head>\n<body>\n<h1>Request details</h1>\n<p>At ${requestDate} ${originatorName} from team ${originatorTeam} (${tenant})\n    created a ${notificationName} request for you!</p>\n\n<p>Shift date: ${eventDate} </p>\n\n<a href=\"${link}?&code=${code}&account=${recipientAccount}&tenant=${tenant}$decision=DENY\"> DENY </a>\n&nbsp;&nbsp;&nbsp;\n<a href=\"${link}?&code=${code}&account=${recipientAccount}&tenant=${tenant}$decision=APPROVE\"> APPROVE </a>\n</body>\n</html>\n','emlogis_pto_notification_ext',313,302),(368,7777,'2015-04-01 13:31:56','PERSIST','\0','<!DOCTYPE HTML>\n<html>\n<head>\n    <meta http-equiv=\"Content-Type\" content=\"text/html; charset=UTF-8\" />\n    <title>Dear ${recipientName}</title>\n</head>\n<body>\n<h1>Request details</h1>\n<p>At ${requestDate} ${originatorName} from team ${originatorTeam} (${tenant})\n    created a ${notificationName} request for you!</p>\n\n<p>Shift date: ${eventDate} </p>\n\n<a href=\"${link}?&code=${code}&account=${recipientAccount}&tenant=${tenant}$decision=DENY\"> DENY </a>\n&nbsp;&nbsp;&nbsp;\n<a href=\"${link}?&code=${code}&account=${recipientAccount}&tenant=${tenant}$decision=APPROVE\"> APPROVE </a>\n</body>\n</html>\n','emlogis_availability_request_notification_ext',313,306),(369,7777,'2015-04-01 13:31:56','PERSIST','\0','<!DOCTYPE HTML>\n<html>\n<head>\n    <meta http-equiv=\"Content-Type\" content=\"text/html; charset=UTF-8\" />\n    <title>Dear ${recipientName}</title>\n</head>\n<body>\n<h1>Request details</h1>\n<p>At ${requestDate} ${originatorName} from team ${originatorTeam} (${tenant})\n    created a ${notificationName} request for you!</p>\n\n<p>Shift date: ${eventDate} </p>\n\n<a href=\"${link}?&code=${code}&account=${recipientAccount}&tenant=${tenant}$decision=DENY\"> DENY </a>\n&nbsp;&nbsp;&nbsp;\n<a href=\"${link}?&code=${code}&account=${recipientAccount}&tenant=${tenant}$decision=APPROVE\"> APPROVE </a>\n</body>\n</html>\n','emlogis_work_in_place_notification_ext',313,305),(370,7777,'2015-04-01 13:31:56','PERSIST','\0','<!DOCTYPE HTML>\n<html>\n<head>\n    <meta http-equiv=\"Content-Type\" content=\"text/html; charset=UTF-8\" />\n    <title>Dear ${recipientName}</title>\n</head>\n<body>\n<h1>Request details</h1>\n<p>At ${requestDate} ${originatorName} from team ${originatorTeam} (${tenant})\n    created a ${notificationName} request for you!</p>\n\n<p>Shift date: ${eventDate} </p>\n\n<a href=\"${link}?&code=${code}&account=${recipientAccount}&tenant=${tenant}$decision=DENY\"> DENY </a>\n&nbsp;&nbsp;&nbsp;\n<a href=\"${link}?&code=${code}&account=${recipientAccount}&tenant=${tenant}$decision=APPROVE\"> APPROVE </a>\n</body>\n</html>\n','emlogis_shift_swap_notification_ext',313,304),(371,7777,'2015-04-01 13:31:56','PERSIST','\0','<!DOCTYPE HTML>\n<html>\n<head>\n    <meta http-equiv=\"Content-Type\" content=\"text/html; charset=UTF-8\" />\n    <title>Dear ${recipientName}</title>\n</head>\n<body>\n<h1>Request details</h1>\n<p>At ${requestDate} ${originatorName} from team ${originatorTeam} (${tenant})\n    created a ${notificationName} request for you!</p>\n\n<p>Shift date: ${eventDate} </p>\n\n<a href=\"${link}?&code=${code}&account=${recipientAccount}&tenant=${tenant}$decision=DENY\"> DENY </a>\n&nbsp;&nbsp;&nbsp;\n<a href=\"${link}?&code=${code}&account=${recipientAccount}&tenant=${tenant}$decision=APPROVE\"> APPROVE </a>\n</body>\n</html>\n','idf_open_shift_notification_ext',314,303),(372,7777,'2015-04-01 13:31:57','PERSIST','\0','<!DOCTYPE HTML>\n<html>\n<head>\n    <meta http-equiv=\"Content-Type\" content=\"text/html; charset=UTF-8\" />\n    <title>Dear ${recipientName}</title>\n</head>\n<body>\n<h1>Request details</h1>\n<p>At ${requestDate} ${originatorName} from team ${originatorTeam} (${tenant})\n    created a ${notificationName} request for you!</p>\n\n<p>Shift date: ${eventDate} </p>\n\n<a href=\"${link}?&code=${code}&account=${recipientAccount}&tenant=${tenant}$decision=DENY\"> DENY </a>\n&nbsp;&nbsp;&nbsp;\n<a href=\"${link}?&code=${code}&account=${recipientAccount}&tenant=${tenant}$decision=APPROVE\"> APPROVE </a>\n</body>\n</html>\n','idf_pto_notification_ext',314,302),(373,7777,'2015-04-01 13:31:57','PERSIST','\0','<!DOCTYPE HTML>\n<html>\n<head>\n    <meta http-equiv=\"Content-Type\" content=\"text/html; charset=UTF-8\" />\n    <title>Dear ${recipientName}</title>\n</head>\n<body>\n<h1>Request details</h1>\n<p>At ${requestDate} ${originatorName} from team ${originatorTeam} (${tenant})\n    created a ${notificationName} request for you!</p>\n\n<p>Shift date: ${eventDate} </p>\n\n<a href=\"${link}?&code=${code}&account=${recipientAccount}&tenant=${tenant}$decision=DENY\"> DENY </a>\n&nbsp;&nbsp;&nbsp;\n<a href=\"${link}?&code=${code}&account=${recipientAccount}&tenant=${tenant}$decision=APPROVE\"> APPROVE </a>\n</body>\n</html>\n','idf_availability_request_notification_ext',314,306),(374,7777,'2015-04-01 13:31:57','PERSIST','\0','<!DOCTYPE HTML>\n<html>\n<head>\n    <meta http-equiv=\"Content-Type\" content=\"text/html; charset=UTF-8\" />\n    <title>Dear ${recipientName}</title>\n</head>\n<body>\n<h1>Request details</h1>\n<p>At ${requestDate} ${originatorName} from team ${originatorTeam} (${tenant})\n    created a ${notificationName} request for you!</p>\n\n<p>Shift date: ${eventDate} </p>\n\n<a href=\"${link}?&code=${code}&account=${recipientAccount}&tenant=${tenant}$decision=DENY\"> DENY </a>\n&nbsp;&nbsp;&nbsp;\n<a href=\"${link}?&code=${code}&account=${recipientAccount}&tenant=${tenant}$decision=APPROVE\"> APPROVE </a>\n</body>\n</html>\n','idf_work_in_place_notification_ext',314,305),(375,7777,'2015-04-01 13:31:57','PERSIST','\0','<!DOCTYPE HTML>\n<html>\n<head>\n    <meta http-equiv=\"Content-Type\" content=\"text/html; charset=UTF-8\" />\n    <title>Dear ${recipientName}</title>\n</head>\n<body>\n<h1>Request details</h1>\n<p>At ${requestDate} ${originatorName} from team ${originatorTeam} (${tenant})\n    created a ${notificationName} request for you!</p>\n\n<p>Shift date: ${eventDate} </p>\n\n<a href=\"${link}?&code=${code}&account=${recipientAccount}&tenant=${tenant}$decision=DENY\"> DENY </a>\n&nbsp;&nbsp;&nbsp;\n<a href=\"${link}?&code=${code}&account=${recipientAccount}&tenant=${tenant}$decision=APPROVE\"> APPROVE </a>\n</body>\n</html>\n','idf_shift_swap_notification_ext',314,304),(376,7777,'2015-04-01 13:31:58','PERSIST','\0','<!DOCTYPE HTML>\n<html>\n<head>\n    <meta http-equiv=\"Content-Type\" content=\"text/html; charset=UTF-8\" />\n    <title>Dear ${recipientName}</title>\n</head>\n<body>\n<h1>Request details</h1>\n<p>At ${requestDate} ${originatorName} from team ${originatorTeam} (${tenant})\n    created a ${notificationName} request for you!</p>\n\n<p>Shift date: ${eventDate} </p>\n\n<a href=\"${link}?&code=${code}&account=${recipientAccount}&tenant=${tenant}$decision=DENY\"> DENY </a>\n&nbsp;&nbsp;&nbsp;\n<a href=\"${link}?&code=${code}&account=${recipientAccount}&tenant=${tenant}$decision=APPROVE\"> APPROVE </a>\n</body>\n</html>\n','jcso_open_shift_notification_ext',315,303),(377,7777,'2015-04-01 13:31:58','PERSIST','\0','<!DOCTYPE HTML>\n<html>\n<head>\n    <meta http-equiv=\"Content-Type\" content=\"text/html; charset=UTF-8\" />\n    <title>Dear ${recipientName}</title>\n</head>\n<body>\n<h1>Request details</h1>\n<p>At ${requestDate} ${originatorName} from team ${originatorTeam} (${tenant})\n    created a ${notificationName} request for you!</p>\n\n<p>Shift date: ${eventDate} </p>\n\n<a href=\"${link}?&code=${code}&account=${recipientAccount}&tenant=${tenant}$decision=DENY\"> DENY </a>\n&nbsp;&nbsp;&nbsp;\n<a href=\"${link}?&code=${code}&account=${recipientAccount}&tenant=${tenant}$decision=APPROVE\"> APPROVE </a>\n</body>\n</html>\n','jcso_pto_notification_ext',315,302),(378,7777,'2015-04-01 13:31:58','PERSIST','\0','<!DOCTYPE HTML>\n<html>\n<head>\n    <meta http-equiv=\"Content-Type\" content=\"text/html; charset=UTF-8\" />\n    <title>Dear ${recipientName}</title>\n</head>\n<body>\n<h1>Request details</h1>\n<p>At ${requestDate} ${originatorName} from team ${originatorTeam} (${tenant})\n    created a ${notificationName} request for you!</p>\n\n<p>Shift date: ${eventDate} </p>\n\n<a href=\"${link}?&code=${code}&account=${recipientAccount}&tenant=${tenant}$decision=DENY\"> DENY </a>\n&nbsp;&nbsp;&nbsp;\n<a href=\"${link}?&code=${code}&account=${recipientAccount}&tenant=${tenant}$decision=APPROVE\"> APPROVE </a>\n</body>\n</html>\n','jcso_availability_request_notification_ext',315,306),(379,7777,'2015-04-01 13:31:59','PERSIST','\0','<!DOCTYPE HTML>\n<html>\n<head>\n    <meta http-equiv=\"Content-Type\" content=\"text/html; charset=UTF-8\" />\n    <title>Dear ${recipientName}</title>\n</head>\n<body>\n<h1>Request details</h1>\n<p>At ${requestDate} ${originatorName} from team ${originatorTeam} (${tenant})\n    created a ${notificationName} request for you!</p>\n\n<p>Shift date: ${eventDate} </p>\n\n<a href=\"${link}?&code=${code}&account=${recipientAccount}&tenant=${tenant}$decision=DENY\"> DENY </a>\n&nbsp;&nbsp;&nbsp;\n<a href=\"${link}?&code=${code}&account=${recipientAccount}&tenant=${tenant}$decision=APPROVE\"> APPROVE </a>\n</body>\n</html>\n','jcso_work_in_place_notification_ext',315,305),(380,7777,'2015-04-01 13:31:59','PERSIST','\0','<!DOCTYPE HTML>\n<html>\n<head>\n    <meta http-equiv=\"Content-Type\" content=\"text/html; charset=UTF-8\" />\n    <title>Dear ${recipientName}</title>\n</head>\n<body>\n<h1>Request details</h1>\n<p>At ${requestDate} ${originatorName} from team ${originatorTeam} (${tenant})\n    created a ${notificationName} request for you!</p>\n\n<p>Shift date: ${eventDate} </p>\n\n<a href=\"${link}?&code=${code}&account=${recipientAccount}&tenant=${tenant}$decision=DENY\"> DENY </a>\n&nbsp;&nbsp;&nbsp;\n<a href=\"${link}?&code=${code}&account=${recipientAccount}&tenant=${tenant}$decision=APPROVE\"> APPROVE </a>\n</body>\n</html>\n','jcso_shift_swap_notification_ext',315,304),(381,7777,'2015-04-01 13:31:59','PERSIST','\0','<!DOCTYPE HTML>\n<html>\n<head>\n    <meta http-equiv=\"Content-Type\" content=\"text/html; charset=UTF-8\" />\n    <title>Dear ${recipientName}</title>\n</head>\n<body>\n<h1>Request details</h1>\n<p>At ${requestDate} ${originatorName} from team ${originatorTeam} (${tenant})\n    created a ${notificationName} request for you!</p>\n\n<p>Shift date: ${eventDate} </p>\n\n<a href=\"${link}?&code=${code}&account=${recipientAccount}&tenant=${tenant}$decision=DENY\"> DENY </a>\n&nbsp;&nbsp;&nbsp;\n<a href=\"${link}?&code=${code}&account=${recipientAccount}&tenant=${tenant}$decision=APPROVE\"> APPROVE </a>\n</body>\n</html>\n','lcso_open_shift_notification_ext',316,303),(382,7777,'2015-04-01 13:31:59','PERSIST','\0','<!DOCTYPE HTML>\n<html>\n<head>\n    <meta http-equiv=\"Content-Type\" content=\"text/html; charset=UTF-8\" />\n    <title>Dear ${recipientName}</title>\n</head>\n<body>\n<h1>Request details</h1>\n<p>At ${requestDate} ${originatorName} from team ${originatorTeam} (${tenant})\n    created a ${notificationName} request for you!</p>\n\n<p>Shift date: ${eventDate} </p>\n\n<a href=\"${link}?&code=${code}&account=${recipientAccount}&tenant=${tenant}$decision=DENY\"> DENY </a>\n&nbsp;&nbsp;&nbsp;\n<a href=\"${link}?&code=${code}&account=${recipientAccount}&tenant=${tenant}$decision=APPROVE\"> APPROVE </a>\n</body>\n</html>\n','lcso_pto_notification_ext',316,302),(383,7777,'2015-04-01 13:32:00','PERSIST','\0','<!DOCTYPE HTML>\n<html>\n<head>\n    <meta http-equiv=\"Content-Type\" content=\"text/html; charset=UTF-8\" />\n    <title>Dear ${recipientName}</title>\n</head>\n<body>\n<h1>Request details</h1>\n<p>At ${requestDate} ${originatorName} from team ${originatorTeam} (${tenant})\n    created a ${notificationName} request for you!</p>\n\n<p>Shift date: ${eventDate} </p>\n\n<a href=\"${link}?&code=${code}&account=${recipientAccount}&tenant=${tenant}$decision=DENY\"> DENY </a>\n&nbsp;&nbsp;&nbsp;\n<a href=\"${link}?&code=${code}&account=${recipientAccount}&tenant=${tenant}$decision=APPROVE\"> APPROVE </a>\n</body>\n</html>\n','lcso_availability_request_notification_ext',316,306),(384,7777,'2015-04-01 13:32:00','PERSIST','\0','<!DOCTYPE HTML>\n<html>\n<head>\n    <meta http-equiv=\"Content-Type\" content=\"text/html; charset=UTF-8\" />\n    <title>Dear ${recipientName}</title>\n</head>\n<body>\n<h1>Request details</h1>\n<p>At ${requestDate} ${originatorName} from team ${originatorTeam} (${tenant})\n    created a ${notificationName} request for you!</p>\n\n<p>Shift date: ${eventDate} </p>\n\n<a href=\"${link}?&code=${code}&account=${recipientAccount}&tenant=${tenant}$decision=DENY\"> DENY </a>\n&nbsp;&nbsp;&nbsp;\n<a href=\"${link}?&code=${code}&account=${recipientAccount}&tenant=${tenant}$decision=APPROVE\"> APPROVE </a>\n</body>\n</html>\n','lcso_work_in_place_notification_ext',316,305),(385,7777,'2015-04-01 13:32:00','PERSIST','\0','<!DOCTYPE HTML>\n<html>\n<head>\n    <meta http-equiv=\"Content-Type\" content=\"text/html; charset=UTF-8\" />\n    <title>Dear ${recipientName}</title>\n</head>\n<body>\n<h1>Request details</h1>\n<p>At ${requestDate} ${originatorName} from team ${originatorTeam} (${tenant})\n    created a ${notificationName} request for you!</p>\n\n<p>Shift date: ${eventDate} </p>\n\n<a href=\"${link}?&code=${code}&account=${recipientAccount}&tenant=${tenant}$decision=DENY\"> DENY </a>\n&nbsp;&nbsp;&nbsp;\n<a href=\"${link}?&code=${code}&account=${recipientAccount}&tenant=${tenant}$decision=APPROVE\"> APPROVE </a>\n</body>\n</html>\n','lcso_shift_swap_notification_ext',316,304),(386,7777,'2015-04-01 13:32:00','PERSIST','\0','<!DOCTYPE HTML>\n<html>\n<head>\n    <meta http-equiv=\"Content-Type\" content=\"text/html; charset=UTF-8\" />\n    <title>Dear ${recipientName}</title>\n</head>\n<body>\n<h1>Request details</h1>\n<p>At ${requestDate} ${originatorName} from team ${originatorTeam} (${tenant})\n    created a ${notificationName} request for you!</p>\n\n<p>Shift date: ${eventDate} </p>\n\n<a href=\"${link}?&code=${code}&account=${recipientAccount}&tenant=${tenant}$decision=DENY\"> DENY </a>\n&nbsp;&nbsp;&nbsp;\n<a href=\"${link}?&code=${code}&account=${recipientAccount}&tenant=${tenant}$decision=APPROVE\"> APPROVE </a>\n</body>\n</html>\n','montgomery county maryland_open_shift_notification_ext',317,303),(387,7777,'2015-04-01 13:32:01','PERSIST','\0','<!DOCTYPE HTML>\n<html>\n<head>\n    <meta http-equiv=\"Content-Type\" content=\"text/html; charset=UTF-8\" />\n    <title>Dear ${recipientName}</title>\n</head>\n<body>\n<h1>Request details</h1>\n<p>At ${requestDate} ${originatorName} from team ${originatorTeam} (${tenant})\n    created a ${notificationName} request for you!</p>\n\n<p>Shift date: ${eventDate} </p>\n\n<a href=\"${link}?&code=${code}&account=${recipientAccount}&tenant=${tenant}$decision=DENY\"> DENY </a>\n&nbsp;&nbsp;&nbsp;\n<a href=\"${link}?&code=${code}&account=${recipientAccount}&tenant=${tenant}$decision=APPROVE\"> APPROVE </a>\n</body>\n</html>\n','montgomery county maryland_pto_notification_ext',317,302),(388,7777,'2015-04-01 13:32:01','PERSIST','\0','<!DOCTYPE HTML>\n<html>\n<head>\n    <meta http-equiv=\"Content-Type\" content=\"text/html; charset=UTF-8\" />\n    <title>Dear ${recipientName}</title>\n</head>\n<body>\n<h1>Request details</h1>\n<p>At ${requestDate} ${originatorName} from team ${originatorTeam} (${tenant})\n    created a ${notificationName} request for you!</p>\n\n<p>Shift date: ${eventDate} </p>\n\n<a href=\"${link}?&code=${code}&account=${recipientAccount}&tenant=${tenant}$decision=DENY\"> DENY </a>\n&nbsp;&nbsp;&nbsp;\n<a href=\"${link}?&code=${code}&account=${recipientAccount}&tenant=${tenant}$decision=APPROVE\"> APPROVE </a>\n</body>\n</html>\n','montgomery county maryland_availability_request_notification_ext',317,306),(389,7777,'2015-04-01 13:32:01','PERSIST','\0','<!DOCTYPE HTML>\n<html>\n<head>\n    <meta http-equiv=\"Content-Type\" content=\"text/html; charset=UTF-8\" />\n    <title>Dear ${recipientName}</title>\n</head>\n<body>\n<h1>Request details</h1>\n<p>At ${requestDate} ${originatorName} from team ${originatorTeam} (${tenant})\n    created a ${notificationName} request for you!</p>\n\n<p>Shift date: ${eventDate} </p>\n\n<a href=\"${link}?&code=${code}&account=${recipientAccount}&tenant=${tenant}$decision=DENY\"> DENY </a>\n&nbsp;&nbsp;&nbsp;\n<a href=\"${link}?&code=${code}&account=${recipientAccount}&tenant=${tenant}$decision=APPROVE\"> APPROVE </a>\n</body>\n</html>\n','montgomery county maryland_work_in_place_notification_ext',317,305),(390,7777,'2015-04-01 13:32:01','PERSIST','\0','<!DOCTYPE HTML>\n<html>\n<head>\n    <meta http-equiv=\"Content-Type\" content=\"text/html; charset=UTF-8\" />\n    <title>Dear ${recipientName}</title>\n</head>\n<body>\n<h1>Request details</h1>\n<p>At ${requestDate} ${originatorName} from team ${originatorTeam} (${tenant})\n    created a ${notificationName} request for you!</p>\n\n<p>Shift date: ${eventDate} </p>\n\n<a href=\"${link}?&code=${code}&account=${recipientAccount}&tenant=${tenant}$decision=DENY\"> DENY </a>\n&nbsp;&nbsp;&nbsp;\n<a href=\"${link}?&code=${code}&account=${recipientAccount}&tenant=${tenant}$decision=APPROVE\"> APPROVE </a>\n</body>\n</html>\n','montgomery county maryland_shift_swap_notification_ext',317,304),(391,7777,'2015-04-01 13:32:02','PERSIST','\0','<!DOCTYPE HTML>\n<html>\n<head>\n    <meta http-equiv=\"Content-Type\" content=\"text/html; charset=UTF-8\" />\n    <title>Dear ${recipientName}</title>\n</head>\n<body>\n<h1>Request details</h1>\n<p>At ${requestDate} ${originatorName} from team ${originatorTeam} (${tenant})\n    created a ${notificationName} request for you!</p>\n\n<p>Shift date: ${eventDate} </p>\n\n<a href=\"${link}?&code=${code}&account=${recipientAccount}&tenant=${tenant}$decision=DENY\"> DENY </a>\n&nbsp;&nbsp;&nbsp;\n<a href=\"${link}?&code=${code}&account=${recipientAccount}&tenant=${tenant}$decision=APPROVE\"> APPROVE </a>\n</body>\n</html>\n','saint luke hospital_open_shift_notification_ext',318,303),(392,7777,'2015-04-01 13:32:02','PERSIST','\0','<!DOCTYPE HTML>\n<html>\n<head>\n    <meta http-equiv=\"Content-Type\" content=\"text/html; charset=UTF-8\" />\n    <title>Dear ${recipientName}</title>\n</head>\n<body>\n<h1>Request details</h1>\n<p>At ${requestDate} ${originatorName} from team ${originatorTeam} (${tenant})\n    created a ${notificationName} request for you!</p>\n\n<p>Shift date: ${eventDate} </p>\n\n<a href=\"${link}?&code=${code}&account=${recipientAccount}&tenant=${tenant}$decision=DENY\"> DENY </a>\n&nbsp;&nbsp;&nbsp;\n<a href=\"${link}?&code=${code}&account=${recipientAccount}&tenant=${tenant}$decision=APPROVE\"> APPROVE </a>\n</body>\n</html>\n','saint luke hospital_pto_notification_ext',318,302),(393,7777,'2015-04-01 13:32:02','PERSIST','\0','<!DOCTYPE HTML>\n<html>\n<head>\n    <meta http-equiv=\"Content-Type\" content=\"text/html; charset=UTF-8\" />\n    <title>Dear ${recipientName}</title>\n</head>\n<body>\n<h1>Request details</h1>\n<p>At ${requestDate} ${originatorName} from team ${originatorTeam} (${tenant})\n    created a ${notificationName} request for you!</p>\n\n<p>Shift date: ${eventDate} </p>\n\n<a href=\"${link}?&code=${code}&account=${recipientAccount}&tenant=${tenant}$decision=DENY\"> DENY </a>\n&nbsp;&nbsp;&nbsp;\n<a href=\"${link}?&code=${code}&account=${recipientAccount}&tenant=${tenant}$decision=APPROVE\"> APPROVE </a>\n</body>\n</html>\n','saint luke hospital_availability_request_notification_ext',318,306),(394,7777,'2015-04-01 13:32:03','PERSIST','\0','<!DOCTYPE HTML>\n<html>\n<head>\n    <meta http-equiv=\"Content-Type\" content=\"text/html; charset=UTF-8\" />\n    <title>Dear ${recipientName}</title>\n</head>\n<body>\n<h1>Request details</h1>\n<p>At ${requestDate} ${originatorName} from team ${originatorTeam} (${tenant})\n    created a ${notificationName} request for you!</p>\n\n<p>Shift date: ${eventDate} </p>\n\n<a href=\"${link}?&code=${code}&account=${recipientAccount}&tenant=${tenant}$decision=DENY\"> DENY </a>\n&nbsp;&nbsp;&nbsp;\n<a href=\"${link}?&code=${code}&account=${recipientAccount}&tenant=${tenant}$decision=APPROVE\"> APPROVE </a>\n</body>\n</html>\n','saint luke hospital_work_in_place_notification_ext',318,305),(395,7777,'2015-04-01 13:32:03','PERSIST','\0','<!DOCTYPE HTML>\n<html>\n<head>\n    <meta http-equiv=\"Content-Type\" content=\"text/html; charset=UTF-8\" />\n    <title>Dear ${recipientName}</title>\n</head>\n<body>\n<h1>Request details</h1>\n<p>At ${requestDate} ${originatorName} from team ${originatorTeam} (${tenant})\n    created a ${notificationName} request for you!</p>\n\n<p>Shift date: ${eventDate} </p>\n\n<a href=\"${link}?&code=${code}&account=${recipientAccount}&tenant=${tenant}$decision=DENY\"> DENY </a>\n&nbsp;&nbsp;&nbsp;\n<a href=\"${link}?&code=${code}&account=${recipientAccount}&tenant=${tenant}$decision=APPROVE\"> APPROVE </a>\n</body>\n</html>\n','saint luke hospital_shift_swap_notification_ext',318,304),(396,7777,'2015-04-01 13:32:03','PERSIST','\0','<!DOCTYPE HTML>\n<html>\n<head>\n    <meta http-equiv=\"Content-Type\" content=\"text/html; charset=UTF-8\" />\n    <title>Dear ${recipientName}</title>\n</head>\n<body>\n<h1>Request details</h1>\n<p>At ${requestDate} ${originatorName} from team ${originatorTeam} (${tenant})\n    created a ${notificationName} request for you!</p>\n\n<p>Shift date: ${eventDate} </p>\n\n<a href=\"${link}?&code=${code}&account=${recipientAccount}&tenant=${tenant}$decision=DENY\"> DENY </a>\n&nbsp;&nbsp;&nbsp;\n<a href=\"${link}?&code=${code}&account=${recipientAccount}&tenant=${tenant}$decision=APPROVE\"> APPROVE </a>\n</body>\n</html>\n','test_open_shift_notification_ext',319,303),(397,7777,'2015-04-01 13:32:03','PERSIST','\0','<!DOCTYPE HTML>\n<html>\n<head>\n    <meta http-equiv=\"Content-Type\" content=\"text/html; charset=UTF-8\" />\n    <title>Dear ${recipientName}</title>\n</head>\n<body>\n<h1>Request details</h1>\n<p>At ${requestDate} ${originatorName} from team ${originatorTeam} (${tenant})\n    created a ${notificationName} request for you!</p>\n\n<p>Shift date: ${eventDate} </p>\n\n<a href=\"${link}?&code=${code}&account=${recipientAccount}&tenant=${tenant}$decision=DENY\"> DENY </a>\n&nbsp;&nbsp;&nbsp;\n<a href=\"${link}?&code=${code}&account=${recipientAccount}&tenant=${tenant}$decision=APPROVE\"> APPROVE </a>\n</body>\n</html>\n','test_pto_notification_ext',319,302),(398,7777,'2015-04-01 13:32:04','PERSIST','\0','<!DOCTYPE HTML>\n<html>\n<head>\n    <meta http-equiv=\"Content-Type\" content=\"text/html; charset=UTF-8\" />\n    <title>Dear ${recipientName}</title>\n</head>\n<body>\n<h1>Request details</h1>\n<p>At ${requestDate} ${originatorName} from team ${originatorTeam} (${tenant})\n    created a ${notificationName} request for you!</p>\n\n<p>Shift date: ${eventDate} </p>\n\n<a href=\"${link}?&code=${code}&account=${recipientAccount}&tenant=${tenant}$decision=DENY\"> DENY </a>\n&nbsp;&nbsp;&nbsp;\n<a href=\"${link}?&code=${code}&account=${recipientAccount}&tenant=${tenant}$decision=APPROVE\"> APPROVE </a>\n</body>\n</html>\n','test_availability_request_notification_ext',319,306),(399,7777,'2015-04-01 13:32:04','PERSIST','\0','<!DOCTYPE HTML>\n<html>\n<head>\n    <meta http-equiv=\"Content-Type\" content=\"text/html; charset=UTF-8\" />\n    <title>Dear ${recipientName}</title>\n</head>\n<body>\n<h1>Request details</h1>\n<p>At ${requestDate} ${originatorName} from team ${originatorTeam} (${tenant})\n    created a ${notificationName} request for you!</p>\n\n<p>Shift date: ${eventDate} </p>\n\n<a href=\"${link}?&code=${code}&account=${recipientAccount}&tenant=${tenant}$decision=DENY\"> DENY </a>\n&nbsp;&nbsp;&nbsp;\n<a href=\"${link}?&code=${code}&account=${recipientAccount}&tenant=${tenant}$decision=APPROVE\"> APPROVE </a>\n</body>\n</html>\n','test_work_in_place_notification_ext',319,305),(400,7777,'2015-04-01 13:32:04','PERSIST','\0','<!DOCTYPE HTML>\n<html>\n<head>\n    <meta http-equiv=\"Content-Type\" content=\"text/html; charset=UTF-8\" />\n    <title>Dear ${recipientName}</title>\n</head>\n<body>\n<h1>Request details</h1>\n<p>At ${requestDate} ${originatorName} from team ${originatorTeam} (${tenant})\n    created a ${notificationName} request for you!</p>\n\n<p>Shift date: ${eventDate} </p>\n\n<a href=\"${link}?&code=${code}&account=${recipientAccount}&tenant=${tenant}$decision=DENY\"> DENY </a>\n&nbsp;&nbsp;&nbsp;\n<a href=\"${link}?&code=${code}&account=${recipientAccount}&tenant=${tenant}$decision=APPROVE\"> APPROVE </a>\n</body>\n</html>\n','test_shift_swap_notification_ext',319,304),(401,7777,'2015-04-01 13:32:04','PERSIST','\0','<!DOCTYPE HTML>\n<html>\n<head>\n    <meta http-equiv=\"Content-Type\" content=\"text/html; charset=UTF-8\" />\n    <title>Dear ${recipientName}</title>\n</head>\n<body>\n<h1>Request details</h1>\n<p>At ${requestDate} ${originatorName} from team ${originatorTeam} (${tenant})\n    created a ${notificationName} request for you!</p>\n\n<p>Shift date: ${eventDate} </p>\n\n<a href=\"${link}?&code=${code}&account=${recipientAccount}&tenant=${tenant}$decision=DENY\"> DENY </a>\n&nbsp;&nbsp;&nbsp;\n<a href=\"${link}?&code=${code}&account=${recipientAccount}&tenant=${tenant}$decision=APPROVE\"> APPROVE </a>\n</body>\n</html>\n','the mad potter_open_shift_notification_ext',320,303),(402,7777,'2015-04-01 13:32:05','PERSIST','\0','<!DOCTYPE HTML>\n<html>\n<head>\n    <meta http-equiv=\"Content-Type\" content=\"text/html; charset=UTF-8\" />\n    <title>Dear ${recipientName}</title>\n</head>\n<body>\n<h1>Request details</h1>\n<p>At ${requestDate} ${originatorName} from team ${originatorTeam} (${tenant})\n    created a ${notificationName} request for you!</p>\n\n<p>Shift date: ${eventDate} </p>\n\n<a href=\"${link}?&code=${code}&account=${recipientAccount}&tenant=${tenant}$decision=DENY\"> DENY </a>\n&nbsp;&nbsp;&nbsp;\n<a href=\"${link}?&code=${code}&account=${recipientAccount}&tenant=${tenant}$decision=APPROVE\"> APPROVE </a>\n</body>\n</html>\n','the mad potter_pto_notification_ext',320,302),(403,7777,'2015-04-01 13:32:05','PERSIST','\0','<!DOCTYPE HTML>\n<html>\n<head>\n    <meta http-equiv=\"Content-Type\" content=\"text/html; charset=UTF-8\" />\n    <title>Dear ${recipientName}</title>\n</head>\n<body>\n<h1>Request details</h1>\n<p>At ${requestDate} ${originatorName} from team ${originatorTeam} (${tenant})\n    created a ${notificationName} request for you!</p>\n\n<p>Shift date: ${eventDate} </p>\n\n<a href=\"${link}?&code=${code}&account=${recipientAccount}&tenant=${tenant}$decision=DENY\"> DENY </a>\n&nbsp;&nbsp;&nbsp;\n<a href=\"${link}?&code=${code}&account=${recipientAccount}&tenant=${tenant}$decision=APPROVE\"> APPROVE </a>\n</body>\n</html>\n','the mad potter_availability_request_notification_ext',320,306),(404,7777,'2015-04-01 13:32:05','PERSIST','\0','<!DOCTYPE HTML>\n<html>\n<head>\n    <meta http-equiv=\"Content-Type\" content=\"text/html; charset=UTF-8\" />\n    <title>Dear ${recipientName}</title>\n</head>\n<body>\n<h1>Request details</h1>\n<p>At ${requestDate} ${originatorName} from team ${originatorTeam} (${tenant})\n    created a ${notificationName} request for you!</p>\n\n<p>Shift date: ${eventDate} </p>\n\n<a href=\"${link}?&code=${code}&account=${recipientAccount}&tenant=${tenant}$decision=DENY\"> DENY </a>\n&nbsp;&nbsp;&nbsp;\n<a href=\"${link}?&code=${code}&account=${recipientAccount}&tenant=${tenant}$decision=APPROVE\"> APPROVE </a>\n</body>\n</html>\n','the mad potter_work_in_place_notification_ext',320,305),(405,7777,'2015-04-01 13:32:05','PERSIST','\0','<!DOCTYPE HTML>\n<html>\n<head>\n    <meta http-equiv=\"Content-Type\" content=\"text/html; charset=UTF-8\" />\n    <title>Dear ${recipientName}</title>\n</head>\n<body>\n<h1>Request details</h1>\n<p>At ${requestDate} ${originatorName} from team ${originatorTeam} (${tenant})\n    created a ${notificationName} request for you!</p>\n\n<p>Shift date: ${eventDate} </p>\n\n<a href=\"${link}?&code=${code}&account=${recipientAccount}&tenant=${tenant}$decision=DENY\"> DENY </a>\n&nbsp;&nbsp;&nbsp;\n<a href=\"${link}?&code=${code}&account=${recipientAccount}&tenant=${tenant}$decision=APPROVE\"> APPROVE </a>\n</body>\n</html>\n','the mad potter_shift_swap_notification_ext',320,304);
/*!40000 ALTER TABLE `wfl_notification_template` ENABLE KEYS */;
UNLOCK TABLES;

--
-- Table structure for table `wfl_organization`
--

DROP TABLE IF EXISTS `wfl_organization`;
/*!40101 SET @saved_cs_client     = @@character_set_client */;
/*!40101 SET character_set_client = utf8 */;
CREATE TABLE `wfl_organization` (
  `id` bigint(20) NOT NULL,
  `changed_by` bigint(20) NOT NULL,
  `changed_on` datetime NOT NULL,
  `changed_type` varchar(255) NOT NULL,
  `locked` bit(1) NOT NULL,
  `name` varchar(255) NOT NULL,
  `tenant_id` varchar(255) NOT NULL,
  PRIMARY KEY (`id`)
) ENGINE=InnoDB DEFAULT CHARSET=latin1;
/*!40101 SET character_set_client = @saved_cs_client */;

--
-- Dumping data for table `wfl_organization`
--

LOCK TABLES `wfl_organization` WRITE;
/*!40000 ALTER TABLE `wfl_organization` DISABLE KEYS */;
INSERT INTO `wfl_organization` VALUES (313,7777,'2015-04-01 13:31:14','PERSIST','\0','EmLogis','emlogis'),(314,7777,'2015-04-01 13:31:14','PERSIST','\0','IDF','idf'),(315,7777,'2015-04-01 13:31:15','PERSIST','\0','JCSO','jcso'),(316,7777,'2015-04-01 13:31:15','PERSIST','\0','LCSO','lcso'),(317,7777,'2015-04-01 13:31:15','PERSIST','\0','Montgomery County Maryland','mcm'),(318,7777,'2015-04-01 13:31:15','PERSIST','\0','Saint Luke Hospital','slh'),(319,7777,'2015-04-01 13:31:16','PERSIST','\0','Test','test'),(320,7777,'2015-04-01 13:31:16','PERSIST','\0','The Mad Potter','tmp');
/*!40000 ALTER TABLE `wfl_organization` ENABLE KEYS */;
UNLOCK TABLES;

--
-- Table structure for table `wfl_parameter`
--

DROP TABLE IF EXISTS `wfl_parameter`;
/*!40101 SET @saved_cs_client     = @@character_set_client */;
/*!40101 SET character_set_client = utf8 */;
CREATE TABLE `wfl_parameter` (
  `id` bigint(20) NOT NULL,
  `changed_by` bigint(20) NOT NULL,
  `changed_on` datetime NOT NULL,
  `changed_type` varchar(255) NOT NULL,
  `locked` bit(1) NOT NULL,
  `mandatory` bit(1) NOT NULL,
  `name` varchar(255) NOT NULL,
  `type` varchar(255) NOT NULL,
  `value` tinyblob,
  `fk_wfl_process_id` bigint(20) NOT NULL,
  PRIMARY KEY (`id`),
  KEY `FK_57ylwb6s5949sm3h1sruca2kp` (`fk_wfl_process_id`),
  CONSTRAINT `FK_57ylwb6s5949sm3h1sruca2kp` FOREIGN KEY (`fk_wfl_process_id`) REFERENCES `wfl_process` (`id`)
) ENGINE=InnoDB DEFAULT CHARSET=latin1;
/*!40101 SET character_set_client = @saved_cs_client */;

--
-- Dumping data for table `wfl_parameter`
--

LOCK TABLES `wfl_parameter` WRITE;
/*!40000 ALTER TABLE `wfl_parameter` DISABLE KEYS */;
/*!40000 ALTER TABLE `wfl_parameter` ENABLE KEYS */;
UNLOCK TABLES;

--
-- Table structure for table `wfl_process`
--

DROP TABLE IF EXISTS `wfl_process`;
/*!40101 SET @saved_cs_client     = @@character_set_client */;
/*!40101 SET character_set_client = utf8 */;
CREATE TABLE `wfl_process` (
  `id` bigint(20) NOT NULL,
  `changed_by` bigint(20) NOT NULL,
  `changed_on` datetime NOT NULL,
  `changed_type` varchar(255) NOT NULL,
  `locked` bit(1) NOT NULL,
  `apply_strategy` varchar(255) NOT NULL,
  `date` datetime NOT NULL,
  `expiration` bigint(20) DEFAULT NULL,
  `originator_server_id` varchar(255) NOT NULL,
  `originator_tenant_id` varchar(255) NOT NULL,
  `fk_wfl_proto_process_id` bigint(20) NOT NULL,
  PRIMARY KEY (`id`),
  KEY `FK_ctnyrbncv6ao3k5fchtvkslrf` (`fk_wfl_proto_process_id`),
  CONSTRAINT `FK_ctnyrbncv6ao3k5fchtvkslrf` FOREIGN KEY (`fk_wfl_proto_process_id`) REFERENCES `wfl_proto_process` (`id`)
) ENGINE=InnoDB DEFAULT CHARSET=latin1;
/*!40101 SET character_set_client = @saved_cs_client */;

--
-- Dumping data for table `wfl_process`
--

LOCK TABLES `wfl_process` WRITE;
/*!40000 ALTER TABLE `wfl_process` DISABLE KEYS */;
INSERT INTO `wfl_process` VALUES (406,7777,'2015-04-01 13:35:12','PERSIST','\0','MANUAL_SELECT','2015-04-01 13:34:58',1429138800000,'e31e95f0-ae27-4c23-9ecd-5890cde4685c','lcso',344);
/*!40000 ALTER TABLE `wfl_process` ENABLE KEYS */;
UNLOCK TABLES;

--
-- Table structure for table `wfl_process_instance`
--

DROP TABLE IF EXISTS `wfl_process_instance`;
/*!40101 SET @saved_cs_client     = @@character_set_client */;
/*!40101 SET character_set_client = utf8 */;
CREATE TABLE `wfl_process_instance` (
  `id` bigint(20) NOT NULL,
  `changed_by` bigint(20) NOT NULL,
  `changed_on` datetime NOT NULL,
  `changed_type` varchar(255) NOT NULL,
  `locked` bit(1) NOT NULL,
  `date_changed` datetime NOT NULL,
  `date_initiated` datetime NOT NULL,
  `engine_id` bigint(20) DEFAULT NULL,
  `engineInstance` longblob,
  `engineTaskLog` longblob,
  `initiator_employee_id` varchar(255) NOT NULL,
  `initiator_tenant_id` varchar(255) NOT NULL,
  `oneManagerApproved` bit(1) NOT NULL,
  `oneRecipientApproved` bit(1) NOT NULL,
  `initiator_shift_id` varchar(255) DEFAULT NULL,
  `status` varchar(255) NOT NULL,
  `status_changer_employee_id` varchar(255) NOT NULL,
  `status_changer_tenant_id` varchar(255) NOT NULL,
  `initiator_team_id` varchar(255) DEFAULT NULL,
  `fk_wfl_process_id` bigint(20) NOT NULL,
  PRIMARY KEY (`id`),
  KEY `FK_h095gq980yx0gxx1apc1b6kmx` (`fk_wfl_process_id`),
  CONSTRAINT `FK_h095gq980yx0gxx1apc1b6kmx` FOREIGN KEY (`fk_wfl_process_id`) REFERENCES `wfl_process` (`id`)
) ENGINE=InnoDB DEFAULT CHARSET=latin1;
/*!40101 SET character_set_client = @saved_cs_client */;

--
-- Dumping data for table `wfl_process_instance`
--

LOCK TABLES `wfl_process_instance` WRITE;
/*!40000 ALTER TABLE `wfl_process_instance` DISABLE KEYS */;
INSERT INTO `wfl_process_instance` VALUES (407,7777,'2015-04-01 13:36:15','UPDATE','\0','2015-04-01 13:34:58','2015-04-01 13:34:58',451,'ͭ\0sr\0Hcom.emlogis.model.workflow.dto.process.response.EngineProcessInstanceDtoa2Ӷl,ɹ\0	L\0adminIdt\0Ljava/lang/Long;L\0engineIdentifierq\0~\0L\0\nengineNamet\0Ljava/lang/String;L\0\renginePackageq\0~\0L\0engineProcessIdq\0~\0L\0engineProcessTypeq\0~\0L\0engineProcessVersionq\0~\0L\0engineStatusq\0~\0L\0eventst\0Ljava/util/List;xpsr\0java.lang.Long;̤ьϣ߂\0J\0valuexr\0java.lang.NumberƬ՝ՠ˂\0\0xp\0\0\0\0\0\0سq\0~\0\0\0\0\0\0\0Ĵ\0Shift Swap processt\0com.emlogis.workflow.predefinedt\0work_in_place_processt\0RuleFlowt\01t\0STATE_ACTIVEsr\0java.util.ArrayListxڇa݃\0I\0sizexp\0\0\0\0w\0\0\0\0x','ͭ\0sr\0java.util.ArrayListxڇa݃\0I\0sizexp\0\0\0w\0\0\0sr\0/com.emlogis.model.workflow.dto.task.TaskInfoDtoaãɴT*\0L\0activationTimet\0Ljava/util/Date;L\0actualOwnert\0Ljava/lang/String;L\0\ractualOwnerIdq\0~\0L\0	classNameq\0~\0L\0	createdByq\0~\0L\0createdByIdq\0~\0L\0	createdOnq\0~\0L\0deploymentIdq\0~\0L\0descriptionq\0~\0L\0expirationTimeq\0~\0L\0idt\0Ljava/lang/Long;L\0nameq\0~\0L\0parentIdq\0~\0L\0potentialOwnerst\0Ljava/util/List;L\0priorityt\0Ljava/lang/Integer;L\0	processIdq\0~\0L\0processSessionIdq\0~\0L\0processinstanceIdq\0~\0L\0statusq\0~\0L\0statusIdq\0~\0L\0subjectq\0~\0xpsr\0java.util.DatehjAKYt\0\0xpw\0\0Lu1򀸴\0\nORIGINATORq\0~\0t\02class org.jbpm.services.task.query.TaskSummaryImplt\0\nORIGINATORq\0~\0\rsr\0java.sql.Timestamp&ֈSࠥ\0I\0nanosxq\0~\0	w\0\0Lu1򀸜0\0\0\0t\0emlogis_workflowt\0\0psr\0java.lang.Long;̤ьϣ߂\0J\0valuexr\0java.lang.NumberƬ՝ՠ˂\0\0xp\0\0\0\0\0\0\0\Zt\0ProcessInitiationsq\0~\0󿿿󿿿psr\0java.lang.Integer⠤󁇸\0I\0valuexq\0~\0\0\0\0\0t\0work_in_place_processsq\0~\0\0\0\0\0\0\0\0\0sq\0~\0\0\0\0\0\0\0Ĵ\0	Completedq\0~\0t\0\0sq\0~\0sq\0~\0	w\0\0Lu2HṴ\0	RECIPIENTq\0~\0 t\02class org.jbpm.services.task.query.TaskSummaryImplt\0	RECIPIENTq\0~\0\"sq\0~\0w\0\0Lu2HṜ0\0\0\0t\0emlogis_workflowt\0\0psq\0~\0\0\0\0\0\0\0\0t\0RecipientActionssq\0~\0󿿿󿿿psq\0~\0\0\0\0\0t\0work_in_place_processsq\0~\0\0\0\0\0\0\0\0\0sq\0~\0\0\0\0\0\0\0Ĵ\0Reservedq\0~\0-t\0\0x','ba94fa3d-9cb0-4f1f-bf34-b3a50430a94c','lcso','\0','\0','b838d6eb-6549-4bd0-b4db-5e05c01f1391','STARTED','e31e95f0-ae27-4c23-9ecd-5890cde4685c','lcso','78195271-80a0-43de-b942-51879bda37f4',406);
/*!40000 ALTER TABLE `wfl_process_instance` ENABLE KEYS */;
UNLOCK TABLES;

--
-- Table structure for table `wfl_process_instance_action`
--

DROP TABLE IF EXISTS `wfl_process_instance_action`;
/*!40101 SET @saved_cs_client     = @@character_set_client */;
/*!40101 SET character_set_client = utf8 */;
CREATE TABLE `wfl_process_instance_action` (
  `id` bigint(20) NOT NULL,
  `changed_by` bigint(20) NOT NULL,
  `changed_on` datetime NOT NULL,
  `changed_type` varchar(255) NOT NULL,
  `locked` bit(1) NOT NULL,
  `action` varchar(255) NOT NULL,
  `comment` varchar(255) DEFAULT NULL,
  `actor_employee_id` varchar(255) NOT NULL,
  `role` varchar(255) NOT NULL,
  `actor_tenant_id` varchar(255) NOT NULL,
  `fk_wfl_process_instance_id` bigint(20) NOT NULL,
  PRIMARY KEY (`id`),
  KEY `FK_jfihmuvjet50mqpbyf8bb47s4` (`fk_wfl_process_instance_id`),
  CONSTRAINT `FK_jfihmuvjet50mqpbyf8bb47s4` FOREIGN KEY (`fk_wfl_process_instance_id`) REFERENCES `wfl_process_instance` (`id`)
) ENGINE=InnoDB DEFAULT CHARSET=latin1;
/*!40101 SET character_set_client = @saved_cs_client */;

--
-- Dumping data for table `wfl_process_instance_action`
--

LOCK TABLES `wfl_process_instance_action` WRITE;
/*!40000 ALTER TABLE `wfl_process_instance_action` DISABLE KEYS */;
INSERT INTO `wfl_process_instance_action` VALUES (409,7777,'2015-04-01 13:36:16','PERSIST','\0','ORIGINATOR_PROCEED','no comment','ba94fa3d-9cb0-4f1f-bf34-b3a50430a94c','ORIGINATOR','lcso',407);
/*!40000 ALTER TABLE `wfl_process_instance_action` ENABLE KEYS */;
UNLOCK TABLES;

--
-- Table structure for table `wfl_process_to_role`
--

DROP TABLE IF EXISTS `wfl_process_to_role`;
/*!40101 SET @saved_cs_client     = @@character_set_client */;
/*!40101 SET character_set_client = utf8 */;
CREATE TABLE `wfl_process_to_role` (
  `fk_process_id` bigint(20) NOT NULL,
  `fk_role_id` bigint(20) NOT NULL,
  PRIMARY KEY (`fk_role_id`,`fk_process_id`),
  KEY `FK_f6cr7r9ackeymmb7oubxvd38e` (`fk_process_id`),
  CONSTRAINT `FK_f6cr7r9ackeymmb7oubxvd38e` FOREIGN KEY (`fk_process_id`) REFERENCES `wfl_proto_role` (`id`),
  CONSTRAINT `FK_4kb63iiuwie8a20545p1sid0j` FOREIGN KEY (`fk_role_id`) REFERENCES `wfl_proto_process` (`id`)
) ENGINE=InnoDB DEFAULT CHARSET=latin1;
/*!40101 SET character_set_client = @saved_cs_client */;

--
-- Dumping data for table `wfl_process_to_role`
--

LOCK TABLES `wfl_process_to_role` WRITE;
/*!40000 ALTER TABLE `wfl_process_to_role` DISABLE KEYS */;
INSERT INTO `wfl_process_to_role` VALUES (308,326),(308,327),(308,328),(308,329),(308,330),(308,331),(308,332),(308,333),(308,334),(308,335),(308,336),(308,337),(308,338),(308,339),(308,340),(308,341),(308,342),(308,343),(308,344),(308,345),(308,346),(308,347),(308,348),(308,349),(308,350),(308,351),(308,352),(308,353),(308,354),(308,355),(308,356),(308,357),(308,358),(308,359),(308,360),(308,361),(308,362),(308,363),(308,364),(308,365),(309,326),(309,329),(309,330),(309,331),(309,334),(309,335),(309,336),(309,339),(309,340),(309,341),(309,344),(309,345),(309,346),(309,349),(309,350),(309,351),(309,354),(309,355),(309,356),(309,359),(309,360),(309,361),(309,364),(309,365),(310,326),(310,327),(310,328),(310,329),(310,330),(310,331),(310,332),(310,333),(310,334),(310,335),(310,336),(310,337),(310,338),(310,339),(310,340),(310,341),(310,342),(310,343),(310,344),(310,345),(310,346),(310,347),(310,348),(310,349),(310,350),(310,351),(310,352),(310,353),(310,354),(310,355),(310,356),(310,357),(310,358),(310,359),(310,360),(310,361),(310,362),(310,363),(310,364),(310,365),(311,326),(311,327),(311,328),(311,329),(311,330),(311,331),(311,332),(311,333),(311,334),(311,335),(311,336),(311,337),(311,338),(311,339),(311,340),(311,341),(311,342),(311,343),(311,344),(311,345),(311,346),(311,347),(311,348),(311,349),(311,350),(311,351),(311,352),(311,353),(311,354),(311,355),(311,356),(311,357),(311,358),(311,359),(311,360),(311,361),(311,362),(311,363),(311,364),(311,365),(312,326),(312,327),(312,328),(312,329),(312,330),(312,331),(312,332),(312,333),(312,334),(312,335),(312,336),(312,337),(312,338),(312,339),(312,340),(312,341),(312,342),(312,343),(312,344),(312,345),(312,346),(312,347),(312,348),(312,349),(312,350),(312,351),(312,352),(312,353),(312,354),(312,355),(312,356),(312,357),(312,358),(312,359),(312,360),(312,361),(312,362),(312,363),(312,364),(312,365);
/*!40000 ALTER TABLE `wfl_process_to_role` ENABLE KEYS */;
UNLOCK TABLES;

--
-- Table structure for table `wfl_process_type`
--

DROP TABLE IF EXISTS `wfl_process_type`;
/*!40101 SET @saved_cs_client     = @@character_set_client */;
/*!40101 SET character_set_client = utf8 */;
CREATE TABLE `wfl_process_type` (
  `id` bigint(20) NOT NULL,
  `changed_by` bigint(20) NOT NULL,
  `changed_on` datetime NOT NULL,
  `changed_type` varchar(255) NOT NULL,
  `locked` bit(1) NOT NULL,
  `description` varchar(255) NOT NULL,
  `name` varchar(255) NOT NULL,
  `type` varchar(255) NOT NULL,
  PRIMARY KEY (`id`)
) ENGINE=InnoDB DEFAULT CHARSET=latin1;
/*!40101 SET character_set_client = @saved_cs_client */;

--
-- Dumping data for table `wfl_process_type`
--

LOCK TABLES `wfl_process_type` WRITE;
/*!40000 ALTER TABLE `wfl_process_type` DISABLE KEYS */;
INSERT INTO `wfl_process_type` VALUES (302,7777,'2015-04-01 13:31:11','PERSIST','\0','Paid Time Off Request','PTO_DEF','PTO_DEF'),(303,7777,'2015-04-01 13:31:11','PERSIST','\0','Open Shift Request','OS_DEF','OS_DEF'),(304,7777,'2015-04-01 13:31:12','PERSIST','\0','Shift Swap Request','SS_DEF','SS_DEF'),(305,7777,'2015-04-01 13:31:12','PERSIST','\0','Work in Place Request','WIP_DEF','WIP_DEF'),(306,7777,'2015-04-01 13:31:12','PERSIST','\0','Availability Request','AR_DEF','AR_DEF'),(307,7777,'2015-04-01 13:31:12','PERSIST','\0','Custom workflow type','CUSTOM','CUSTOM');
/*!40000 ALTER TABLE `wfl_process_type` ENABLE KEYS */;
UNLOCK TABLES;

--
-- Table structure for table `wfl_proto_process`
--

DROP TABLE IF EXISTS `wfl_proto_process`;
/*!40101 SET @saved_cs_client     = @@character_set_client */;
/*!40101 SET character_set_client = utf8 */;
CREATE TABLE `wfl_proto_process` (
  `id` bigint(20) NOT NULL,
  `changed_by` bigint(20) NOT NULL,
  `changed_on` datetime NOT NULL,
  `changed_type` varchar(255) NOT NULL,
  `locked` bit(1) NOT NULL,
  `name` varchar(255) NOT NULL,
  `fk_wfl_organization_id` bigint(20) NOT NULL,
  `fk_workflow_template_id` bigint(20) NOT NULL,
  `fk_wfl_process_type_id` bigint(20) NOT NULL,
  PRIMARY KEY (`id`),
  KEY `FK_kjbdpnxwo764u48qmb4o5730i` (`fk_wfl_organization_id`),
  KEY `FK_f3eg4mir0rf5j244nfxythhsg` (`fk_workflow_template_id`),
  KEY `FK_9asc757b7rjulk8p4o79wbwap` (`fk_wfl_process_type_id`),
  CONSTRAINT `FK_9asc757b7rjulk8p4o79wbwap` FOREIGN KEY (`fk_wfl_process_type_id`) REFERENCES `wfl_process_type` (`id`),
  CONSTRAINT `FK_f3eg4mir0rf5j244nfxythhsg` FOREIGN KEY (`fk_workflow_template_id`) REFERENCES `wfl_template` (`id`),
  CONSTRAINT `FK_kjbdpnxwo764u48qmb4o5730i` FOREIGN KEY (`fk_wfl_organization_id`) REFERENCES `wfl_organization` (`id`)
) ENGINE=InnoDB DEFAULT CHARSET=latin1;
/*!40101 SET character_set_client = @saved_cs_client */;

--
-- Dumping data for table `wfl_proto_process`
--

LOCK TABLES `wfl_proto_process` WRITE;
/*!40000 ALTER TABLE `wfl_proto_process` DISABLE KEYS */;
INSERT INTO `wfl_proto_process` VALUES (326,7777,'2015-04-01 13:31:19','PERSIST','\0','EmLogis_OS_DEF',313,321,303),(327,7777,'2015-04-01 13:31:20','PERSIST','\0','EmLogis_PTO_DEF',313,322,302),(328,7777,'2015-04-01 13:31:20','PERSIST','\0','EmLogis_AR_DEF',313,323,306),(329,7777,'2015-04-01 13:31:21','PERSIST','\0','EmLogis_WIP_DEF',313,324,305),(330,7777,'2015-04-01 13:31:22','PERSIST','\0','EmLogis_SS_DEF',313,325,304),(331,7777,'2015-04-01 13:31:23','PERSIST','\0','IDF_OS_DEF',314,321,303),(332,7777,'2015-04-01 13:31:24','PERSIST','\0','IDF_PTO_DEF',314,322,302),(333,7777,'2015-04-01 13:31:25','PERSIST','\0','IDF_AR_DEF',314,323,306),(334,7777,'2015-04-01 13:31:25','PERSIST','\0','IDF_WIP_DEF',314,324,305),(335,7777,'2015-04-01 13:31:26','PERSIST','\0','IDF_SS_DEF',314,325,304),(336,7777,'2015-04-01 13:31:27','PERSIST','\0','JCSO_OS_DEF',315,321,303),(337,7777,'2015-04-01 13:31:28','PERSIST','\0','JCSO_PTO_DEF',315,322,302),(338,7777,'2015-04-01 13:31:29','PERSIST','\0','JCSO_AR_DEF',315,323,306),(339,7777,'2015-04-01 13:31:29','PERSIST','\0','JCSO_WIP_DEF',315,324,305),(340,7777,'2015-04-01 13:31:30','PERSIST','\0','JCSO_SS_DEF',315,325,304),(341,7777,'2015-04-01 13:31:31','PERSIST','\0','LCSO_OS_DEF',316,321,303),(342,7777,'2015-04-01 13:31:32','PERSIST','\0','LCSO_PTO_DEF',316,322,302),(343,7777,'2015-04-01 13:31:33','PERSIST','\0','LCSO_AR_DEF',316,323,306),(344,7777,'2015-04-01 13:31:33','PERSIST','\0','LCSO_WIP_DEF',316,324,305),(345,7777,'2015-04-01 13:31:34','PERSIST','\0','LCSO_SS_DEF',316,325,304),(346,7777,'2015-04-01 13:31:35','PERSIST','\0','Montgomery County Maryland_OS_DEF',317,321,303),(347,7777,'2015-04-01 13:31:36','PERSIST','\0','Montgomery County Maryland_PTO_DEF',317,322,302),(348,7777,'2015-04-01 13:31:37','PERSIST','\0','Montgomery County Maryland_AR_DEF',317,323,306),(349,7777,'2015-04-01 13:31:37','PERSIST','\0','Montgomery County Maryland_WIP_DEF',317,324,305),(350,7777,'2015-04-01 13:31:38','PERSIST','\0','Montgomery County Maryland_SS_DEF',317,325,304),(351,7777,'2015-04-01 13:31:39','PERSIST','\0','Saint Luke Hospital_OS_DEF',318,321,303),(352,7777,'2015-04-01 13:31:40','PERSIST','\0','Saint Luke Hospital_PTO_DEF',318,322,302),(353,7777,'2015-04-01 13:31:41','PERSIST','\0','Saint Luke Hospital_AR_DEF',318,323,306),(354,7777,'2015-04-01 13:31:42','PERSIST','\0','Saint Luke Hospital_WIP_DEF',318,324,305),(355,7777,'2015-04-01 13:31:42','PERSIST','\0','Saint Luke Hospital_SS_DEF',318,325,304),(356,7777,'2015-04-01 13:31:43','PERSIST','\0','Test_OS_DEF',319,321,303),(357,7777,'2015-04-01 13:31:44','PERSIST','\0','Test_PTO_DEF',319,322,302),(358,7777,'2015-04-01 13:31:45','PERSIST','\0','Test_AR_DEF',319,323,306),(359,7777,'2015-04-01 13:31:46','PERSIST','\0','Test_WIP_DEF',319,324,305),(360,7777,'2015-04-01 13:31:46','PERSIST','\0','Test_SS_DEF',319,325,304),(361,7777,'2015-04-01 13:31:47','PERSIST','\0','The Mad Potter_OS_DEF',320,321,303),(362,7777,'2015-04-01 13:31:48','PERSIST','\0','The Mad Potter_PTO_DEF',320,322,302),(363,7777,'2015-04-01 13:31:49','PERSIST','\0','The Mad Potter_AR_DEF',320,323,306),(364,7777,'2015-04-01 13:31:50','PERSIST','\0','The Mad Potter_WIP_DEF',320,324,305),(365,7777,'2015-04-01 13:31:50','PERSIST','\0','The Mad Potter_SS_DEF',320,325,304);
/*!40000 ALTER TABLE `wfl_proto_process` ENABLE KEYS */;
UNLOCK TABLES;

--
-- Table structure for table `wfl_proto_role`
--

DROP TABLE IF EXISTS `wfl_proto_role`;
/*!40101 SET @saved_cs_client     = @@character_set_client */;
/*!40101 SET character_set_client = utf8 */;
CREATE TABLE `wfl_proto_role` (
  `id` bigint(20) NOT NULL,
  `changed_by` bigint(20) NOT NULL,
  `changed_on` datetime NOT NULL,
  `changed_type` varchar(255) NOT NULL,
  `locked` bit(1) NOT NULL,
  `name` varchar(255) NOT NULL,
  `fk_wfl_general_role_type_id` bigint(20) NOT NULL,
  PRIMARY KEY (`id`),
  KEY `FK_q56mmgw9g4f1t07olamywvdpc` (`fk_wfl_general_role_type_id`),
  CONSTRAINT `FK_q56mmgw9g4f1t07olamywvdpc` FOREIGN KEY (`fk_wfl_general_role_type_id`) REFERENCES `wfl_general_role_type` (`id`)
) ENGINE=InnoDB DEFAULT CHARSET=latin1;
/*!40101 SET character_set_client = @saved_cs_client */;

--
-- Dumping data for table `wfl_proto_role`
--

LOCK TABLES `wfl_proto_role` WRITE;
/*!40000 ALTER TABLE `wfl_proto_role` DISABLE KEYS */;
INSERT INTO `wfl_proto_role` VALUES (308,7777,'2015-04-01 13:31:12','PERSIST','\0','ORIGINATOR',300),(309,7777,'2015-04-01 13:31:13','PERSIST','\0','RECIPIENT',300),(310,7777,'2015-04-01 13:31:13','PERSIST','\0','MANAGER',300),(311,7777,'2015-04-01 13:31:13','PERSIST','\0','NOTIFIER',299),(312,7777,'2015-04-01 13:31:14','PERSIST','\0','ENGINE',298);
/*!40000 ALTER TABLE `wfl_proto_role` ENABLE KEYS */;
UNLOCK TABLES;

--
-- Table structure for table `wfl_role_instance`
--

DROP TABLE IF EXISTS `wfl_role_instance`;
/*!40101 SET @saved_cs_client     = @@character_set_client */;
/*!40101 SET character_set_client = utf8 */;
CREATE TABLE `wfl_role_instance` (
  `id` bigint(20) NOT NULL,
  `changed_by` bigint(20) NOT NULL,
  `changed_on` datetime NOT NULL,
  `changed_type` varchar(255) NOT NULL,
  `locked` bit(1) NOT NULL,
  `selected_manually` bit(1) NOT NULL,
  `server_id` varchar(255) NOT NULL,
  `shift_id` varchar(255) DEFAULT NULL,
  `team_id` varchar(255) DEFAULT NULL,
  `tenant_id` varchar(255) NOT NULL,
  `fk_wfl_process_instance_id` bigint(20) NOT NULL,
  `fk_wfl_role_id` bigint(20) NOT NULL,
  PRIMARY KEY (`id`),
  KEY `FK_orsg2xiiy6nuaof6xw7o6e3ka` (`fk_wfl_process_instance_id`),
  KEY `FK_sv1sbsjt4vh86e2n1krqmqg9k` (`fk_wfl_role_id`),
  CONSTRAINT `FK_sv1sbsjt4vh86e2n1krqmqg9k` FOREIGN KEY (`fk_wfl_role_id`) REFERENCES `wfl_proto_role` (`id`),
  CONSTRAINT `FK_orsg2xiiy6nuaof6xw7o6e3ka` FOREIGN KEY (`fk_wfl_process_instance_id`) REFERENCES `wfl_process_instance` (`id`)
) ENGINE=InnoDB DEFAULT CHARSET=latin1;
/*!40101 SET character_set_client = @saved_cs_client */;

--
-- Dumping data for table `wfl_role_instance`
--

LOCK TABLES `wfl_role_instance` WRITE;
/*!40000 ALTER TABLE `wfl_role_instance` DISABLE KEYS */;
INSERT INTO `wfl_role_instance` VALUES (408,7777,'2015-04-01 13:35:16','PERSIST','\0','\0','bae84d10-5cb2-4d78-a032-05e637c6488d',NULL,NULL,'lcso',407,309);
/*!40000 ALTER TABLE `wfl_role_instance` ENABLE KEYS */;
UNLOCK TABLES;

--
-- Table structure for table `wfl_template`
--

DROP TABLE IF EXISTS `wfl_template`;
/*!40101 SET @saved_cs_client     = @@character_set_client */;
/*!40101 SET character_set_client = utf8 */;

CREATE TABLE `wfl_template` (
  `id` bigint(20) NOT NULL,
  `changed_by` bigint(20) NOT NULL,
  `changed_on` datetime NOT NULL,
  `changed_type` varchar(255) NOT NULL,
  `locked` bit(1) NOT NULL,
  `description` varchar(255) NOT NULL,
  `name` varchar(255) NOT NULL,
  `template` longblob NOT NULL,
  `fk_wfl_process_type_id` bigint(20) NOT NULL,
  PRIMARY KEY (`id`),
  KEY `FK_fviwq786xtpykv1yw2ukdfo3j` (`fk_wfl_process_type_id`),
  CONSTRAINT `FK_fviwq786xtpykv1yw2ukdfo3j` FOREIGN KEY (`fk_wfl_process_type_id`) REFERENCES `wfl_process_type` (`id`)
) ENGINE=InnoDB DEFAULT CHARSET=latin1;
/*!40101 SET character_set_client = @saved_cs_client */;

--
-- Dumping data for table `wfl_template`
--

LOCK TABLES `wfl_template` WRITE;
/*!40000 ALTER TABLE `wfl_template` DISABLE KEYS */;
INSERT INTO `wfl_template` VALUES (321,7777,'2015-04-01 13:31:16','PERSIST','\0','OS_DEF','OS_DEF','<?xml version=\"1.0\" encoding=\"UTF-8\"?>\n<bpmn2:definitions xmlns:xsi=\"http://www.w3.org/2001/XMLSchema-instance\"\n                   xmlns:bpmn2=\"http://www.omg.org/spec/BPMN/20100524/MODEL\"\n                   xmlns:tns=\"http://www.jboss.org/drools\"\n                   xmlns=\"http://www.jboss.org/drools\"\n                   xsi:schemaLocation=\"http://www.omg.org/spec/BPMN/20100524/MODEL BPMN20.xsd http://www.jboss.org/drools drools.xsd\"\n                   id=\"Definition\" expressionLanguage=\"http://www.mvel.org/2.0\"\n                   targetNamespace=\"http://www.jboss.org/drools\" typeLanguage=\"http://www.java.com/javaTypes\">\n  <bpmn2:itemDefinition id=\"ItemDefinition_1\" structureRef=\"String\"/>\n  <bpmn2:itemDefinition id=\"ItemDefinition_2\" structureRef=\"Integer\"/>\n  <bpmn2:itemDefinition id=\"ItemDefinition_3\" structureRef=\"Boolean\"/>\n  <bpmn2:process id=\"osr_process\" tns:version=\"1\" tns:packageName=\"com.emlogis.workflow.predefined\" name=\"Shift Swap process\" isExecutable=\"true\" processType=\"Private\">\n    <bpmn2:startEvent id=\"StartEvent_1\" name=\"StartProcess\">\n      <bpmn2:outgoing>SequenceFlow_1</bpmn2:outgoing>\n    </bpmn2:startEvent>\n    <bpmn2:sequenceFlow id=\"SequenceFlow_1\" tns:priority=\"1\" sourceRef=\"StartEvent_1\" targetRef=\"UserTask_1\"/>\n    <bpmn2:userTask id=\"UserTask_2\" name=\"RecipientActions\" isForCompensation=\"true\" implementation=\"##WebService\">\n      <bpmn2:incoming>SequenceFlow_2</bpmn2:incoming>\n      <bpmn2:outgoing>SequenceFlow_3</bpmn2:outgoing>\n      <bpmn2:ioSpecification id=\"_InputOutputSpecification_5\">\n        <bpmn2:dataInput id=\"_DataInput_23\" itemSubjectRef=\"ItemDefinition_1\" name=\"TaskName\"/>\n        <bpmn2:dataInput id=\"_DataInput_24\" itemSubjectRef=\"ItemDefinition_2\" name=\"Priority\"/>\n        <bpmn2:dataInput id=\"_DataInput_25\" itemSubjectRef=\"ItemDefinition_1\" name=\"Comment\"/>\n        <bpmn2:dataInput id=\"_DataInput_26\" itemSubjectRef=\"ItemDefinition_1\" name=\"GroupId\"/>\n        <bpmn2:dataInput id=\"_DataInput_27\" itemSubjectRef=\"ItemDefinition_3\" name=\"Skippable\"/>\n        <bpmn2:dataInput id=\"_DataInput_28\" itemSubjectRef=\"ItemDefinition_1\" name=\"Content\"/>\n        <bpmn2:dataInput id=\"_DataInput_29\" itemSubjectRef=\"ItemDefinition_1\" name=\"Locale\"/>\n        <bpmn2:inputSet id=\"_InputSet_8\"/>\n        <bpmn2:inputSet id=\"_InputSet_9\" name=\"New Input Set\">\n          <bpmn2:dataInputRefs>_DataInput_23</bpmn2:dataInputRefs>\n          <bpmn2:dataInputRefs>_DataInput_24</bpmn2:dataInputRefs>\n          <bpmn2:dataInputRefs>_DataInput_25</bpmn2:dataInputRefs>\n          <bpmn2:dataInputRefs>_DataInput_26</bpmn2:dataInputRefs>\n          <bpmn2:dataInputRefs>_DataInput_27</bpmn2:dataInputRefs>\n          <bpmn2:dataInputRefs>_DataInput_28</bpmn2:dataInputRefs>\n          <bpmn2:dataInputRefs>_DataInput_29</bpmn2:dataInputRefs>\n        </bpmn2:inputSet>\n        <bpmn2:outputSet id=\"_OutputSet_8\"/>\n        <bpmn2:outputSet id=\"_OutputSet_9\" name=\"Output Set\"/>\n      </bpmn2:ioSpecification>\n      <bpmn2:dataInputAssociation id=\"_DataInputAssociation_23\">\n        <bpmn2:targetRef>_DataInput_23</bpmn2:targetRef>\n        <bpmn2:assignment id=\"Assignment_39\">\n          <bpmn2:from xsi:type=\"bpmn2:tFormalExpression\" id=\"FormalExpression_79\">recipient_action</bpmn2:from>\n          <bpmn2:to xsi:type=\"bpmn2:tFormalExpression\" id=\"FormalExpression_78\">_DataInput_23</bpmn2:to>\n        </bpmn2:assignment>\n      </bpmn2:dataInputAssociation>\n      <bpmn2:dataInputAssociation id=\"_DataInputAssociation_24\">\n        <bpmn2:targetRef>_DataInput_24</bpmn2:targetRef>\n      </bpmn2:dataInputAssociation>\n      <bpmn2:dataInputAssociation id=\"_DataInputAssociation_25\">\n        <bpmn2:targetRef>_DataInput_25</bpmn2:targetRef>\n      </bpmn2:dataInputAssociation>\n      <bpmn2:dataInputAssociation id=\"_DataInputAssociation_26\">\n        <bpmn2:targetRef>_DataInput_26</bpmn2:targetRef>\n      </bpmn2:dataInputAssociation>\n      <bpmn2:dataInputAssociation id=\"_DataInputAssociation_27\">\n        <bpmn2:targetRef>_DataInput_27</bpmn2:targetRef>\n      </bpmn2:dataInputAssociation>\n      <bpmn2:dataInputAssociation id=\"_DataInputAssociation_28\">\n        <bpmn2:targetRef>_DataInput_28</bpmn2:targetRef>\n      </bpmn2:dataInputAssociation>\n      <bpmn2:dataInputAssociation id=\"_DataInputAssociation_29\">\n        <bpmn2:targetRef>_DataInput_29</bpmn2:targetRef>\n        <bpmn2:assignment id=\"Assignment_45\">\n          <bpmn2:from xsi:type=\"bpmn2:tFormalExpression\" id=\"FormalExpression_91\">en-US</bpmn2:from>\n          <bpmn2:to xsi:type=\"bpmn2:tFormalExpression\" id=\"FormalExpression_90\">_DataInput_29</bpmn2:to>\n        </bpmn2:assignment>\n      </bpmn2:dataInputAssociation>\n      <bpmn2:potentialOwner id=\"PotentialOwner_2\">\n        <bpmn2:resourceAssignmentExpression id=\"ResourceAssignmentExpression_2\">\n          <bpmn2:formalExpression id=\"FormalExpression_106\" language=\"http://www.java.com/java\">RECIPIENT</bpmn2:formalExpression>\n        </bpmn2:resourceAssignmentExpression>\n      </bpmn2:potentialOwner>\n    </bpmn2:userTask>\n    <bpmn2:sequenceFlow id=\"SequenceFlow_3\" tns:priority=\"1\" sourceRef=\"UserTask_2\" targetRef=\"UserTask_3\"/>\n    <bpmn2:userTask id=\"UserTask_1\" name=\"ProcessInitiation\" isForCompensation=\"true\" implementation=\"##unspecified\">\n      <bpmn2:extensionElements>\n        <tns:onEntry-script scriptFormat=\"http://www.java.com/java\">\n          <tns:script></tns:script>\n        </tns:onEntry-script>\n      </bpmn2:extensionElements>\n      <bpmn2:incoming>SequenceFlow_1</bpmn2:incoming>\n      <bpmn2:outgoing>SequenceFlow_2</bpmn2:outgoing>\n      <bpmn2:ioSpecification id=\"_InputOutputSpecification_4\">\n        <bpmn2:dataInput id=\"_DataInput_18\" itemSubjectRef=\"ItemDefinition_1\" name=\"Comment\"/>\n        <bpmn2:dataInput id=\"_DataInput_19\" itemSubjectRef=\"ItemDefinition_1\" name=\"GroupId\"/>\n        <bpmn2:dataInput id=\"_DataInput_20\" itemSubjectRef=\"ItemDefinition_3\" name=\"Skippable\"/>\n        <bpmn2:dataInput id=\"_DataInput_21\" itemSubjectRef=\"ItemDefinition_1\" name=\"Content\"/>\n        <bpmn2:dataInput id=\"_DataInput_22\" itemSubjectRef=\"ItemDefinition_1\" name=\"Locale\"/>\n        <bpmn2:dataInput id=\"DataInput_1\" name=\"input1\"/>\n        <bpmn2:dataInput id=\"DataInput_4\" name=\"TaskName\"/>\n        <bpmn2:inputSet id=\"_InputSet_6\">\n          <bpmn2:dataInputRefs>DataInput_1</bpmn2:dataInputRefs>\n          <bpmn2:dataInputRefs>DataInput_4</bpmn2:dataInputRefs>\n        </bpmn2:inputSet>\n        <bpmn2:inputSet id=\"_InputSet_7\" name=\"New Input Set\">\n          <bpmn2:dataInputRefs>_DataInput_18</bpmn2:dataInputRefs>\n          <bpmn2:dataInputRefs>_DataInput_19</bpmn2:dataInputRefs>\n          <bpmn2:dataInputRefs>_DataInput_20</bpmn2:dataInputRefs>\n          <bpmn2:dataInputRefs>_DataInput_21</bpmn2:dataInputRefs>\n          <bpmn2:dataInputRefs>_DataInput_22</bpmn2:dataInputRefs>\n        </bpmn2:inputSet>\n        <bpmn2:outputSet id=\"_OutputSet_6\"/>\n        <bpmn2:outputSet id=\"_OutputSet_7\" name=\"Output Set\"/>\n      </bpmn2:ioSpecification>\n      <bpmn2:dataInputAssociation id=\"_DataInputAssociation_18\">\n        <bpmn2:targetRef>_DataInput_18</bpmn2:targetRef>\n      </bpmn2:dataInputAssociation>\n      <bpmn2:dataInputAssociation id=\"_DataInputAssociation_19\">\n        <bpmn2:targetRef>_DataInput_19</bpmn2:targetRef>\n        <bpmn2:assignment id=\"Assignment_74\">\n          <bpmn2:from xsi:type=\"bpmn2:tFormalExpression\" id=\"FormalExpression_151\">ORIGINATOR</bpmn2:from>\n          <bpmn2:to xsi:type=\"bpmn2:tFormalExpression\" id=\"FormalExpression_150\">_DataInput_19</bpmn2:to>\n        </bpmn2:assignment>\n      </bpmn2:dataInputAssociation>\n      <bpmn2:dataInputAssociation id=\"_DataInputAssociation_20\">\n        <bpmn2:targetRef>_DataInput_20</bpmn2:targetRef>\n      </bpmn2:dataInputAssociation>\n      <bpmn2:dataInputAssociation id=\"_DataInputAssociation_21\">\n        <bpmn2:targetRef>_DataInput_21</bpmn2:targetRef>\n      </bpmn2:dataInputAssociation>\n      <bpmn2:dataInputAssociation id=\"_DataInputAssociation_22\">\n        <bpmn2:targetRef>_DataInput_22</bpmn2:targetRef>\n        <bpmn2:assignment id=\"Assignment_14\">\n          <bpmn2:from xsi:type=\"bpmn2:tFormalExpression\" id=\"FormalExpression_28\">en-US</bpmn2:from>\n          <bpmn2:to xsi:type=\"bpmn2:tFormalExpression\" id=\"FormalExpression_27\">_DataInput_22</bpmn2:to>\n        </bpmn2:assignment>\n      </bpmn2:dataInputAssociation>\n      <bpmn2:dataInputAssociation id=\"DataInputAssociation_1\">\n        <bpmn2:targetRef>DataInput_1</bpmn2:targetRef>\n      </bpmn2:dataInputAssociation>\n      <bpmn2:dataInputAssociation id=\"DataInputAssociation_4\">\n        <bpmn2:targetRef>DataInput_4</bpmn2:targetRef>\n        <bpmn2:assignment id=\"Assignment_82\">\n          <bpmn2:from xsi:type=\"bpmn2:tFormalExpression\" id=\"FormalExpression_167\">ProcessInitiation</bpmn2:from>\n          <bpmn2:to xsi:type=\"bpmn2:tFormalExpression\" id=\"FormalExpression_166\">DataInput_4</bpmn2:to>\n        </bpmn2:assignment>\n      </bpmn2:dataInputAssociation>\n      <bpmn2:potentialOwner id=\"PotentialOwner_1\">\n        <bpmn2:resourceAssignmentExpression id=\"ResourceAssignmentExpression_1\">\n          <bpmn2:formalExpression id=\"FormalExpression_29\" language=\"http://www.java.com/java\">ORIGINATOR</bpmn2:formalExpression>\n        </bpmn2:resourceAssignmentExpression>\n      </bpmn2:potentialOwner>\n    </bpmn2:userTask>\n    <bpmn2:sequenceFlow id=\"SequenceFlow_2\" tns:priority=\"1\" sourceRef=\"UserTask_1\" targetRef=\"UserTask_2\"/>\n    <bpmn2:userTask id=\"UserTask_3\" name=\"ManagerApproval\">\n      <bpmn2:incoming>SequenceFlow_3</bpmn2:incoming>\n      <bpmn2:outgoing>SequenceFlow_17</bpmn2:outgoing>\n      <bpmn2:ioSpecification id=\"_InputOutputSpecification_6\">\n        <bpmn2:dataInput id=\"_DataInput_30\" itemSubjectRef=\"ItemDefinition_1\" name=\"TaskName\"/>\n        <bpmn2:dataInput id=\"_DataInput_31\" itemSubjectRef=\"ItemDefinition_2\" name=\"Priority\"/>\n        <bpmn2:dataInput id=\"_DataInput_32\" itemSubjectRef=\"ItemDefinition_1\" name=\"Comment\"/>\n        <bpmn2:dataInput id=\"_DataInput_33\" itemSubjectRef=\"ItemDefinition_1\" name=\"GroupId\"/>\n        <bpmn2:dataInput id=\"_DataInput_34\" itemSubjectRef=\"ItemDefinition_3\" name=\"Skippable\"/>\n        <bpmn2:dataInput id=\"_DataInput_35\" itemSubjectRef=\"ItemDefinition_1\" name=\"Content\"/>\n        <bpmn2:dataInput id=\"_DataInput_36\" itemSubjectRef=\"ItemDefinition_1\" name=\"Locale\"/>\n        <bpmn2:inputSet id=\"_InputSet_10\"/>\n        <bpmn2:inputSet id=\"_InputSet_11\" name=\"New Input Set\">\n          <bpmn2:dataInputRefs>_DataInput_30</bpmn2:dataInputRefs>\n          <bpmn2:dataInputRefs>_DataInput_31</bpmn2:dataInputRefs>\n          <bpmn2:dataInputRefs>_DataInput_32</bpmn2:dataInputRefs>\n          <bpmn2:dataInputRefs>_DataInput_33</bpmn2:dataInputRefs>\n          <bpmn2:dataInputRefs>_DataInput_34</bpmn2:dataInputRefs>\n          <bpmn2:dataInputRefs>_DataInput_35</bpmn2:dataInputRefs>\n          <bpmn2:dataInputRefs>_DataInput_36</bpmn2:dataInputRefs>\n        </bpmn2:inputSet>\n        <bpmn2:outputSet id=\"_OutputSet_10\"/>\n        <bpmn2:outputSet id=\"_OutputSet_11\" name=\"Output Set\"/>\n      </bpmn2:ioSpecification>\n      <bpmn2:dataInputAssociation id=\"_DataInputAssociation_30\">\n        <bpmn2:targetRef>_DataInput_30</bpmn2:targetRef>\n        <bpmn2:assignment id=\"Assignment_53\">\n          <bpmn2:from xsi:type=\"bpmn2:tFormalExpression\" id=\"FormalExpression_108\">ManagerApproval</bpmn2:from>\n          <bpmn2:to xsi:type=\"bpmn2:tFormalExpression\" id=\"FormalExpression_107\">_DataInput_30</bpmn2:to>\n        </bpmn2:assignment>\n      </bpmn2:dataInputAssociation>\n      <bpmn2:dataInputAssociation id=\"_DataInputAssociation_31\">\n        <bpmn2:targetRef>_DataInput_31</bpmn2:targetRef>\n      </bpmn2:dataInputAssociation>\n      <bpmn2:dataInputAssociation id=\"_DataInputAssociation_32\">\n        <bpmn2:targetRef>_DataInput_32</bpmn2:targetRef>\n      </bpmn2:dataInputAssociation>\n      <bpmn2:dataInputAssociation id=\"_DataInputAssociation_33\">\n        <bpmn2:targetRef>_DataInput_33</bpmn2:targetRef>\n      </bpmn2:dataInputAssociation>\n      <bpmn2:dataInputAssociation id=\"_DataInputAssociation_34\">\n        <bpmn2:targetRef>_DataInput_34</bpmn2:targetRef>\n      </bpmn2:dataInputAssociation>\n      <bpmn2:dataInputAssociation id=\"_DataInputAssociation_35\">\n        <bpmn2:targetRef>_DataInput_35</bpmn2:targetRef>\n      </bpmn2:dataInputAssociation>\n      <bpmn2:dataInputAssociation id=\"_DataInputAssociation_36\">\n        <bpmn2:targetRef>_DataInput_36</bpmn2:targetRef>\n        <bpmn2:assignment id=\"Assignment_59\">\n          <bpmn2:from xsi:type=\"bpmn2:tFormalExpression\" id=\"FormalExpression_120\">en-US</bpmn2:from>\n          <bpmn2:to xsi:type=\"bpmn2:tFormalExpression\" id=\"FormalExpression_119\">_DataInput_36</bpmn2:to>\n        </bpmn2:assignment>\n      </bpmn2:dataInputAssociation>\n      <bpmn2:potentialOwner id=\"PotentialOwner_3\">\n        <bpmn2:resourceAssignmentExpression id=\"ResourceAssignmentExpression_3\">\n          <bpmn2:formalExpression id=\"FormalExpression_135\" language=\"http://www.java.com/java\">MANAGER</bpmn2:formalExpression>\n        </bpmn2:resourceAssignmentExpression>\n      </bpmn2:potentialOwner>\n    </bpmn2:userTask>\n    <bpmn2:sequenceFlow id=\"SequenceFlow_17\" tns:priority=\"1\" sourceRef=\"UserTask_3\" targetRef=\"EndEvent_1\"/>\n    <bpmn2:endEvent id=\"EndEvent_1\" name=\"End task\">\n      <bpmn2:incoming>SequenceFlow_17</bpmn2:incoming>\n    </bpmn2:endEvent>\n  </bpmn2:process>\n</bpmn2:definitions>\n',303),(322,7777,'2015-04-01 13:31:17','PERSIST','\0','PTO_DEF','PTO_DEF','<?xml version=\"1.0\" encoding=\"UTF-8\"?>\n<bpmn2:definitions xmlns:xsi=\"http://www.w3.org/2001/XMLSchema-instance\"\n                   xmlns:bpmn2=\"http://www.omg.org/spec/BPMN/20100524/MODEL\"\n                   xmlns:tns=\"http://www.jboss.org/drools\"\n                   xmlns=\"http://www.jboss.org/drools\"\n                   xsi:schemaLocation=\"http://www.omg.org/spec/BPMN/20100524/MODEL BPMN20.xsd http://www.jboss.org/drools drools.xsd\"\n                   id=\"Definition\" expressionLanguage=\"http://www.mvel.org/2.0\"\n                   targetNamespace=\"http://www.jboss.org/drools\" typeLanguage=\"http://www.java.com/javaTypes\">\n  <bpmn2:itemDefinition id=\"ItemDefinition_1\" structureRef=\"String\"/>\n  <bpmn2:itemDefinition id=\"ItemDefinition_2\" structureRef=\"Integer\"/>\n  <bpmn2:itemDefinition id=\"ItemDefinition_3\" structureRef=\"Boolean\"/>\n  <bpmn2:process id=\"pto_process\" tns:version=\"1\" tns:packageName=\"com.emlogis.workflow.predefined\" name=\"Shift Swap process\" isExecutable=\"true\" processType=\"Private\">\n    <bpmn2:startEvent id=\"StartEvent_1\" name=\"StartProcess\">\n      <bpmn2:outgoing>SequenceFlow_1</bpmn2:outgoing>\n    </bpmn2:startEvent>\n    <bpmn2:sequenceFlow id=\"SequenceFlow_1\" tns:priority=\"1\" sourceRef=\"StartEvent_1\" targetRef=\"UserTask_1\"/>\n    <bpmn2:userTask id=\"UserTask_2\" name=\"RecipientActions\" isForCompensation=\"true\" implementation=\"##WebService\">\n      <bpmn2:incoming>SequenceFlow_2</bpmn2:incoming>\n      <bpmn2:outgoing>SequenceFlow_3</bpmn2:outgoing>\n      <bpmn2:ioSpecification id=\"_InputOutputSpecification_5\">\n        <bpmn2:dataInput id=\"_DataInput_23\" itemSubjectRef=\"ItemDefinition_1\" name=\"TaskName\"/>\n        <bpmn2:dataInput id=\"_DataInput_24\" itemSubjectRef=\"ItemDefinition_2\" name=\"Priority\"/>\n        <bpmn2:dataInput id=\"_DataInput_25\" itemSubjectRef=\"ItemDefinition_1\" name=\"Comment\"/>\n        <bpmn2:dataInput id=\"_DataInput_26\" itemSubjectRef=\"ItemDefinition_1\" name=\"GroupId\"/>\n        <bpmn2:dataInput id=\"_DataInput_27\" itemSubjectRef=\"ItemDefinition_3\" name=\"Skippable\"/>\n        <bpmn2:dataInput id=\"_DataInput_28\" itemSubjectRef=\"ItemDefinition_1\" name=\"Content\"/>\n        <bpmn2:dataInput id=\"_DataInput_29\" itemSubjectRef=\"ItemDefinition_1\" name=\"Locale\"/>\n        <bpmn2:inputSet id=\"_InputSet_8\"/>\n        <bpmn2:inputSet id=\"_InputSet_9\" name=\"New Input Set\">\n          <bpmn2:dataInputRefs>_DataInput_23</bpmn2:dataInputRefs>\n          <bpmn2:dataInputRefs>_DataInput_24</bpmn2:dataInputRefs>\n          <bpmn2:dataInputRefs>_DataInput_25</bpmn2:dataInputRefs>\n          <bpmn2:dataInputRefs>_DataInput_26</bpmn2:dataInputRefs>\n          <bpmn2:dataInputRefs>_DataInput_27</bpmn2:dataInputRefs>\n          <bpmn2:dataInputRefs>_DataInput_28</bpmn2:dataInputRefs>\n          <bpmn2:dataInputRefs>_DataInput_29</bpmn2:dataInputRefs>\n        </bpmn2:inputSet>\n        <bpmn2:outputSet id=\"_OutputSet_8\"/>\n        <bpmn2:outputSet id=\"_OutputSet_9\" name=\"Output Set\"/>\n      </bpmn2:ioSpecification>\n      <bpmn2:dataInputAssociation id=\"_DataInputAssociation_23\">\n        <bpmn2:targetRef>_DataInput_23</bpmn2:targetRef>\n        <bpmn2:assignment id=\"Assignment_39\">\n          <bpmn2:from xsi:type=\"bpmn2:tFormalExpression\" id=\"FormalExpression_79\">recipient_action</bpmn2:from>\n          <bpmn2:to xsi:type=\"bpmn2:tFormalExpression\" id=\"FormalExpression_78\">_DataInput_23</bpmn2:to>\n        </bpmn2:assignment>\n      </bpmn2:dataInputAssociation>\n      <bpmn2:dataInputAssociation id=\"_DataInputAssociation_24\">\n        <bpmn2:targetRef>_DataInput_24</bpmn2:targetRef>\n      </bpmn2:dataInputAssociation>\n      <bpmn2:dataInputAssociation id=\"_DataInputAssociation_25\">\n        <bpmn2:targetRef>_DataInput_25</bpmn2:targetRef>\n      </bpmn2:dataInputAssociation>\n      <bpmn2:dataInputAssociation id=\"_DataInputAssociation_26\">\n        <bpmn2:targetRef>_DataInput_26</bpmn2:targetRef>\n      </bpmn2:dataInputAssociation>\n      <bpmn2:dataInputAssociation id=\"_DataInputAssociation_27\">\n        <bpmn2:targetRef>_DataInput_27</bpmn2:targetRef>\n      </bpmn2:dataInputAssociation>\n      <bpmn2:dataInputAssociation id=\"_DataInputAssociation_28\">\n        <bpmn2:targetRef>_DataInput_28</bpmn2:targetRef>\n      </bpmn2:dataInputAssociation>\n      <bpmn2:dataInputAssociation id=\"_DataInputAssociation_29\">\n        <bpmn2:targetRef>_DataInput_29</bpmn2:targetRef>\n        <bpmn2:assignment id=\"Assignment_45\">\n          <bpmn2:from xsi:type=\"bpmn2:tFormalExpression\" id=\"FormalExpression_91\">en-US</bpmn2:from>\n          <bpmn2:to xsi:type=\"bpmn2:tFormalExpression\" id=\"FormalExpression_90\">_DataInput_29</bpmn2:to>\n        </bpmn2:assignment>\n      </bpmn2:dataInputAssociation>\n      <bpmn2:potentialOwner id=\"PotentialOwner_2\">\n        <bpmn2:resourceAssignmentExpression id=\"ResourceAssignmentExpression_2\">\n          <bpmn2:formalExpression id=\"FormalExpression_106\" language=\"http://www.java.com/java\">RECIPIENT</bpmn2:formalExpression>\n        </bpmn2:resourceAssignmentExpression>\n      </bpmn2:potentialOwner>\n    </bpmn2:userTask>\n    <bpmn2:sequenceFlow id=\"SequenceFlow_3\" tns:priority=\"1\" sourceRef=\"UserTask_2\" targetRef=\"UserTask_3\"/>\n    <bpmn2:userTask id=\"UserTask_1\" name=\"ProcessInitiation\" isForCompensation=\"true\" implementation=\"##unspecified\">\n      <bpmn2:extensionElements>\n        <tns:onEntry-script scriptFormat=\"http://www.java.com/java\">\n          <tns:script></tns:script>\n        </tns:onEntry-script>\n      </bpmn2:extensionElements>\n      <bpmn2:incoming>SequenceFlow_1</bpmn2:incoming>\n      <bpmn2:outgoing>SequenceFlow_2</bpmn2:outgoing>\n      <bpmn2:ioSpecification id=\"_InputOutputSpecification_4\">\n        <bpmn2:dataInput id=\"_DataInput_18\" itemSubjectRef=\"ItemDefinition_1\" name=\"Comment\"/>\n        <bpmn2:dataInput id=\"_DataInput_19\" itemSubjectRef=\"ItemDefinition_1\" name=\"GroupId\"/>\n        <bpmn2:dataInput id=\"_DataInput_20\" itemSubjectRef=\"ItemDefinition_3\" name=\"Skippable\"/>\n        <bpmn2:dataInput id=\"_DataInput_21\" itemSubjectRef=\"ItemDefinition_1\" name=\"Content\"/>\n        <bpmn2:dataInput id=\"_DataInput_22\" itemSubjectRef=\"ItemDefinition_1\" name=\"Locale\"/>\n        <bpmn2:dataInput id=\"DataInput_1\" name=\"input1\"/>\n        <bpmn2:dataInput id=\"DataInput_4\" name=\"TaskName\"/>\n        <bpmn2:inputSet id=\"_InputSet_6\">\n          <bpmn2:dataInputRefs>DataInput_1</bpmn2:dataInputRefs>\n          <bpmn2:dataInputRefs>DataInput_4</bpmn2:dataInputRefs>\n        </bpmn2:inputSet>\n        <bpmn2:inputSet id=\"_InputSet_7\" name=\"New Input Set\">\n          <bpmn2:dataInputRefs>_DataInput_18</bpmn2:dataInputRefs>\n          <bpmn2:dataInputRefs>_DataInput_19</bpmn2:dataInputRefs>\n          <bpmn2:dataInputRefs>_DataInput_20</bpmn2:dataInputRefs>\n          <bpmn2:dataInputRefs>_DataInput_21</bpmn2:dataInputRefs>\n          <bpmn2:dataInputRefs>_DataInput_22</bpmn2:dataInputRefs>\n        </bpmn2:inputSet>\n        <bpmn2:outputSet id=\"_OutputSet_6\"/>\n        <bpmn2:outputSet id=\"_OutputSet_7\" name=\"Output Set\"/>\n      </bpmn2:ioSpecification>\n      <bpmn2:dataInputAssociation id=\"_DataInputAssociation_18\">\n        <bpmn2:targetRef>_DataInput_18</bpmn2:targetRef>\n      </bpmn2:dataInputAssociation>\n      <bpmn2:dataInputAssociation id=\"_DataInputAssociation_19\">\n        <bpmn2:targetRef>_DataInput_19</bpmn2:targetRef>\n        <bpmn2:assignment id=\"Assignment_74\">\n          <bpmn2:from xsi:type=\"bpmn2:tFormalExpression\" id=\"FormalExpression_151\">ORIGINATOR</bpmn2:from>\n          <bpmn2:to xsi:type=\"bpmn2:tFormalExpression\" id=\"FormalExpression_150\">_DataInput_19</bpmn2:to>\n        </bpmn2:assignment>\n      </bpmn2:dataInputAssociation>\n      <bpmn2:dataInputAssociation id=\"_DataInputAssociation_20\">\n        <bpmn2:targetRef>_DataInput_20</bpmn2:targetRef>\n      </bpmn2:dataInputAssociation>\n      <bpmn2:dataInputAssociation id=\"_DataInputAssociation_21\">\n        <bpmn2:targetRef>_DataInput_21</bpmn2:targetRef>\n      </bpmn2:dataInputAssociation>\n      <bpmn2:dataInputAssociation id=\"_DataInputAssociation_22\">\n        <bpmn2:targetRef>_DataInput_22</bpmn2:targetRef>\n        <bpmn2:assignment id=\"Assignment_14\">\n          <bpmn2:from xsi:type=\"bpmn2:tFormalExpression\" id=\"FormalExpression_28\">en-US</bpmn2:from>\n          <bpmn2:to xsi:type=\"bpmn2:tFormalExpression\" id=\"FormalExpression_27\">_DataInput_22</bpmn2:to>\n        </bpmn2:assignment>\n      </bpmn2:dataInputAssociation>\n      <bpmn2:dataInputAssociation id=\"DataInputAssociation_1\">\n        <bpmn2:targetRef>DataInput_1</bpmn2:targetRef>\n      </bpmn2:dataInputAssociation>\n      <bpmn2:dataInputAssociation id=\"DataInputAssociation_4\">\n        <bpmn2:targetRef>DataInput_4</bpmn2:targetRef>\n        <bpmn2:assignment id=\"Assignment_82\">\n          <bpmn2:from xsi:type=\"bpmn2:tFormalExpression\" id=\"FormalExpression_167\">ProcessInitiation</bpmn2:from>\n          <bpmn2:to xsi:type=\"bpmn2:tFormalExpression\" id=\"FormalExpression_166\">DataInput_4</bpmn2:to>\n        </bpmn2:assignment>\n      </bpmn2:dataInputAssociation>\n      <bpmn2:potentialOwner id=\"PotentialOwner_1\">\n        <bpmn2:resourceAssignmentExpression id=\"ResourceAssignmentExpression_1\">\n          <bpmn2:formalExpression id=\"FormalExpression_29\" language=\"http://www.java.com/java\">ORIGINATOR</bpmn2:formalExpression>\n        </bpmn2:resourceAssignmentExpression>\n      </bpmn2:potentialOwner>\n    </bpmn2:userTask>\n    <bpmn2:sequenceFlow id=\"SequenceFlow_2\" tns:priority=\"1\" sourceRef=\"UserTask_1\" targetRef=\"UserTask_2\"/>\n    <bpmn2:userTask id=\"UserTask_3\" name=\"ManagerApproval\">\n      <bpmn2:incoming>SequenceFlow_3</bpmn2:incoming>\n      <bpmn2:outgoing>SequenceFlow_17</bpmn2:outgoing>\n      <bpmn2:ioSpecification id=\"_InputOutputSpecification_6\">\n        <bpmn2:dataInput id=\"_DataInput_30\" itemSubjectRef=\"ItemDefinition_1\" name=\"TaskName\"/>\n        <bpmn2:dataInput id=\"_DataInput_31\" itemSubjectRef=\"ItemDefinition_2\" name=\"Priority\"/>\n        <bpmn2:dataInput id=\"_DataInput_32\" itemSubjectRef=\"ItemDefinition_1\" name=\"Comment\"/>\n        <bpmn2:dataInput id=\"_DataInput_33\" itemSubjectRef=\"ItemDefinition_1\" name=\"GroupId\"/>\n        <bpmn2:dataInput id=\"_DataInput_34\" itemSubjectRef=\"ItemDefinition_3\" name=\"Skippable\"/>\n        <bpmn2:dataInput id=\"_DataInput_35\" itemSubjectRef=\"ItemDefinition_1\" name=\"Content\"/>\n        <bpmn2:dataInput id=\"_DataInput_36\" itemSubjectRef=\"ItemDefinition_1\" name=\"Locale\"/>\n        <bpmn2:inputSet id=\"_InputSet_10\"/>\n        <bpmn2:inputSet id=\"_InputSet_11\" name=\"New Input Set\">\n          <bpmn2:dataInputRefs>_DataInput_30</bpmn2:dataInputRefs>\n          <bpmn2:dataInputRefs>_DataInput_31</bpmn2:dataInputRefs>\n          <bpmn2:dataInputRefs>_DataInput_32</bpmn2:dataInputRefs>\n          <bpmn2:dataInputRefs>_DataInput_33</bpmn2:dataInputRefs>\n          <bpmn2:dataInputRefs>_DataInput_34</bpmn2:dataInputRefs>\n          <bpmn2:dataInputRefs>_DataInput_35</bpmn2:dataInputRefs>\n          <bpmn2:dataInputRefs>_DataInput_36</bpmn2:dataInputRefs>\n        </bpmn2:inputSet>\n        <bpmn2:outputSet id=\"_OutputSet_10\"/>\n        <bpmn2:outputSet id=\"_OutputSet_11\" name=\"Output Set\"/>\n      </bpmn2:ioSpecification>\n      <bpmn2:dataInputAssociation id=\"_DataInputAssociation_30\">\n        <bpmn2:targetRef>_DataInput_30</bpmn2:targetRef>\n        <bpmn2:assignment id=\"Assignment_53\">\n          <bpmn2:from xsi:type=\"bpmn2:tFormalExpression\" id=\"FormalExpression_108\">ManagerApproval</bpmn2:from>\n          <bpmn2:to xsi:type=\"bpmn2:tFormalExpression\" id=\"FormalExpression_107\">_DataInput_30</bpmn2:to>\n        </bpmn2:assignment>\n      </bpmn2:dataInputAssociation>\n      <bpmn2:dataInputAssociation id=\"_DataInputAssociation_31\">\n        <bpmn2:targetRef>_DataInput_31</bpmn2:targetRef>\n      </bpmn2:dataInputAssociation>\n      <bpmn2:dataInputAssociation id=\"_DataInputAssociation_32\">\n        <bpmn2:targetRef>_DataInput_32</bpmn2:targetRef>\n      </bpmn2:dataInputAssociation>\n      <bpmn2:dataInputAssociation id=\"_DataInputAssociation_33\">\n        <bpmn2:targetRef>_DataInput_33</bpmn2:targetRef>\n      </bpmn2:dataInputAssociation>\n      <bpmn2:dataInputAssociation id=\"_DataInputAssociation_34\">\n        <bpmn2:targetRef>_DataInput_34</bpmn2:targetRef>\n      </bpmn2:dataInputAssociation>\n      <bpmn2:dataInputAssociation id=\"_DataInputAssociation_35\">\n        <bpmn2:targetRef>_DataInput_35</bpmn2:targetRef>\n      </bpmn2:dataInputAssociation>\n      <bpmn2:dataInputAssociation id=\"_DataInputAssociation_36\">\n        <bpmn2:targetRef>_DataInput_36</bpmn2:targetRef>\n        <bpmn2:assignment id=\"Assignment_59\">\n          <bpmn2:from xsi:type=\"bpmn2:tFormalExpression\" id=\"FormalExpression_120\">en-US</bpmn2:from>\n          <bpmn2:to xsi:type=\"bpmn2:tFormalExpression\" id=\"FormalExpression_119\">_DataInput_36</bpmn2:to>\n        </bpmn2:assignment>\n      </bpmn2:dataInputAssociation>\n      <bpmn2:potentialOwner id=\"PotentialOwner_3\">\n        <bpmn2:resourceAssignmentExpression id=\"ResourceAssignmentExpression_3\">\n          <bpmn2:formalExpression id=\"FormalExpression_135\" language=\"http://www.java.com/java\">MANAGER</bpmn2:formalExpression>\n        </bpmn2:resourceAssignmentExpression>\n      </bpmn2:potentialOwner>\n    </bpmn2:userTask>\n    <bpmn2:sequenceFlow id=\"SequenceFlow_17\" tns:priority=\"1\" sourceRef=\"UserTask_3\" targetRef=\"EndEvent_1\"/>\n    <bpmn2:endEvent id=\"EndEvent_1\" name=\"End task\">\n      <bpmn2:incoming>SequenceFlow_17</bpmn2:incoming>\n    </bpmn2:endEvent>\n  </bpmn2:process>\n</bpmn2:definitions>\n',302),(323,7777,'2015-04-01 13:31:17','PERSIST','\0','AR_DEF','AR_DEF','<?xml version=\"1.0\" encoding=\"UTF-8\"?>\n<bpmn2:definitions xmlns:xsi=\"http://www.w3.org/2001/XMLSchema-instance\"\n                   xmlns:bpmn2=\"http://www.omg.org/spec/BPMN/20100524/MODEL\"\n                   xmlns:tns=\"http://www.jboss.org/drools\" xmlns=\"http://www.jboss.org/drools\"\n                   xsi:schemaLocation=\"http://www.omg.org/spec/BPMN/20100524/MODEL BPMN20.xsd http://www.jboss.org/drools drools.xsd\"\n                   id=\"Definition\" expressionLanguage=\"http://www.mvel.org/2.0\"\n                   targetNamespace=\"http://www.jboss.org/drools\" typeLanguage=\"http://www.java.com/javaTypes\">\n  <bpmn2:itemDefinition id=\"ItemDefinition_1\" structureRef=\"String\"/>\n  <bpmn2:itemDefinition id=\"ItemDefinition_2\" structureRef=\"Integer\"/>\n  <bpmn2:itemDefinition id=\"ItemDefinition_3\" structureRef=\"Boolean\"/>\n  <bpmn2:process id=\"availability_process\" tns:version=\"1\" tns:packageName=\"com.emlogis.workflow.predefined\" name=\"Shift Swap process\" isExecutable=\"true\" processType=\"Private\">\n    <bpmn2:startEvent id=\"StartEvent_1\" name=\"StartProcess\">\n      <bpmn2:outgoing>SequenceFlow_1</bpmn2:outgoing>\n    </bpmn2:startEvent>\n    <bpmn2:sequenceFlow id=\"SequenceFlow_1\" tns:priority=\"1\" sourceRef=\"StartEvent_1\" targetRef=\"UserTask_1\"/>\n    <bpmn2:userTask id=\"UserTask_2\" name=\"RecipientActions\" isForCompensation=\"true\" implementation=\"##WebService\">\n      <bpmn2:incoming>SequenceFlow_2</bpmn2:incoming>\n      <bpmn2:outgoing>SequenceFlow_3</bpmn2:outgoing>\n      <bpmn2:ioSpecification id=\"_InputOutputSpecification_5\">\n        <bpmn2:dataInput id=\"_DataInput_23\" itemSubjectRef=\"ItemDefinition_1\" name=\"TaskName\"/>\n        <bpmn2:dataInput id=\"_DataInput_24\" itemSubjectRef=\"ItemDefinition_2\" name=\"Priority\"/>\n        <bpmn2:dataInput id=\"_DataInput_25\" itemSubjectRef=\"ItemDefinition_1\" name=\"Comment\"/>\n        <bpmn2:dataInput id=\"_DataInput_26\" itemSubjectRef=\"ItemDefinition_1\" name=\"GroupId\"/>\n        <bpmn2:dataInput id=\"_DataInput_27\" itemSubjectRef=\"ItemDefinition_3\" name=\"Skippable\"/>\n        <bpmn2:dataInput id=\"_DataInput_28\" itemSubjectRef=\"ItemDefinition_1\" name=\"Content\"/>\n        <bpmn2:dataInput id=\"_DataInput_29\" itemSubjectRef=\"ItemDefinition_1\" name=\"Locale\"/>\n        <bpmn2:inputSet id=\"_InputSet_8\"/>\n        <bpmn2:inputSet id=\"_InputSet_9\" name=\"New Input Set\">\n          <bpmn2:dataInputRefs>_DataInput_23</bpmn2:dataInputRefs>\n          <bpmn2:dataInputRefs>_DataInput_24</bpmn2:dataInputRefs>\n          <bpmn2:dataInputRefs>_DataInput_25</bpmn2:dataInputRefs>\n          <bpmn2:dataInputRefs>_DataInput_26</bpmn2:dataInputRefs>\n          <bpmn2:dataInputRefs>_DataInput_27</bpmn2:dataInputRefs>\n          <bpmn2:dataInputRefs>_DataInput_28</bpmn2:dataInputRefs>\n          <bpmn2:dataInputRefs>_DataInput_29</bpmn2:dataInputRefs>\n        </bpmn2:inputSet>\n        <bpmn2:outputSet id=\"_OutputSet_8\"/>\n        <bpmn2:outputSet id=\"_OutputSet_9\" name=\"Output Set\"/>\n      </bpmn2:ioSpecification>\n      <bpmn2:dataInputAssociation id=\"_DataInputAssociation_23\">\n        <bpmn2:targetRef>_DataInput_23</bpmn2:targetRef>\n        <bpmn2:assignment id=\"Assignment_39\">\n          <bpmn2:from xsi:type=\"bpmn2:tFormalExpression\" id=\"FormalExpression_79\">recipient_action</bpmn2:from>\n          <bpmn2:to xsi:type=\"bpmn2:tFormalExpression\" id=\"FormalExpression_78\">_DataInput_23</bpmn2:to>\n        </bpmn2:assignment>\n      </bpmn2:dataInputAssociation>\n      <bpmn2:dataInputAssociation id=\"_DataInputAssociation_24\">\n        <bpmn2:targetRef>_DataInput_24</bpmn2:targetRef>\n      </bpmn2:dataInputAssociation>\n      <bpmn2:dataInputAssociation id=\"_DataInputAssociation_25\">\n        <bpmn2:targetRef>_DataInput_25</bpmn2:targetRef>\n      </bpmn2:dataInputAssociation>\n      <bpmn2:dataInputAssociation id=\"_DataInputAssociation_26\">\n        <bpmn2:targetRef>_DataInput_26</bpmn2:targetRef>\n      </bpmn2:dataInputAssociation>\n      <bpmn2:dataInputAssociation id=\"_DataInputAssociation_27\">\n        <bpmn2:targetRef>_DataInput_27</bpmn2:targetRef>\n      </bpmn2:dataInputAssociation>\n      <bpmn2:dataInputAssociation id=\"_DataInputAssociation_28\">\n        <bpmn2:targetRef>_DataInput_28</bpmn2:targetRef>\n      </bpmn2:dataInputAssociation>\n      <bpmn2:dataInputAssociation id=\"_DataInputAssociation_29\">\n        <bpmn2:targetRef>_DataInput_29</bpmn2:targetRef>\n        <bpmn2:assignment id=\"Assignment_45\">\n          <bpmn2:from xsi:type=\"bpmn2:tFormalExpression\" id=\"FormalExpression_91\">en-US</bpmn2:from>\n          <bpmn2:to xsi:type=\"bpmn2:tFormalExpression\" id=\"FormalExpression_90\">_DataInput_29</bpmn2:to>\n        </bpmn2:assignment>\n      </bpmn2:dataInputAssociation>\n      <bpmn2:potentialOwner id=\"PotentialOwner_2\">\n        <bpmn2:resourceAssignmentExpression id=\"ResourceAssignmentExpression_2\">\n          <bpmn2:formalExpression id=\"FormalExpression_106\" language=\"http://www.java.com/java\">RECIPIENT</bpmn2:formalExpression>\n        </bpmn2:resourceAssignmentExpression>\n      </bpmn2:potentialOwner>\n    </bpmn2:userTask>\n    <bpmn2:sequenceFlow id=\"SequenceFlow_3\" tns:priority=\"1\" sourceRef=\"UserTask_2\" targetRef=\"UserTask_3\"/>\n    <bpmn2:userTask id=\"UserTask_1\" name=\"ProcessInitiation\" isForCompensation=\"true\" implementation=\"##unspecified\">\n      <bpmn2:extensionElements>\n        <tns:onEntry-script scriptFormat=\"http://www.java.com/java\">\n          <tns:script></tns:script>\n        </tns:onEntry-script>\n      </bpmn2:extensionElements>\n      <bpmn2:incoming>SequenceFlow_1</bpmn2:incoming>\n      <bpmn2:outgoing>SequenceFlow_2</bpmn2:outgoing>\n      <bpmn2:ioSpecification id=\"_InputOutputSpecification_4\">\n        <bpmn2:dataInput id=\"_DataInput_18\" itemSubjectRef=\"ItemDefinition_1\" name=\"Comment\"/>\n        <bpmn2:dataInput id=\"_DataInput_19\" itemSubjectRef=\"ItemDefinition_1\" name=\"GroupId\"/>\n        <bpmn2:dataInput id=\"_DataInput_20\" itemSubjectRef=\"ItemDefinition_3\" name=\"Skippable\"/>\n        <bpmn2:dataInput id=\"_DataInput_21\" itemSubjectRef=\"ItemDefinition_1\" name=\"Content\"/>\n        <bpmn2:dataInput id=\"_DataInput_22\" itemSubjectRef=\"ItemDefinition_1\" name=\"Locale\"/>\n        <bpmn2:dataInput id=\"DataInput_1\" name=\"input1\"/>\n        <bpmn2:dataInput id=\"DataInput_4\" name=\"TaskName\"/>\n        <bpmn2:inputSet id=\"_InputSet_6\">\n          <bpmn2:dataInputRefs>DataInput_1</bpmn2:dataInputRefs>\n          <bpmn2:dataInputRefs>DataInput_4</bpmn2:dataInputRefs>\n        </bpmn2:inputSet>\n        <bpmn2:inputSet id=\"_InputSet_7\" name=\"New Input Set\">\n          <bpmn2:dataInputRefs>_DataInput_18</bpmn2:dataInputRefs>\n          <bpmn2:dataInputRefs>_DataInput_19</bpmn2:dataInputRefs>\n          <bpmn2:dataInputRefs>_DataInput_20</bpmn2:dataInputRefs>\n          <bpmn2:dataInputRefs>_DataInput_21</bpmn2:dataInputRefs>\n          <bpmn2:dataInputRefs>_DataInput_22</bpmn2:dataInputRefs>\n        </bpmn2:inputSet>\n        <bpmn2:outputSet id=\"_OutputSet_6\"/>\n        <bpmn2:outputSet id=\"_OutputSet_7\" name=\"Output Set\"/>\n      </bpmn2:ioSpecification>\n      <bpmn2:dataInputAssociation id=\"_DataInputAssociation_18\">\n        <bpmn2:targetRef>_DataInput_18</bpmn2:targetRef>\n      </bpmn2:dataInputAssociation>\n      <bpmn2:dataInputAssociation id=\"_DataInputAssociation_19\">\n        <bpmn2:targetRef>_DataInput_19</bpmn2:targetRef>\n        <bpmn2:assignment id=\"Assignment_74\">\n          <bpmn2:from xsi:type=\"bpmn2:tFormalExpression\" id=\"FormalExpression_151\">ORIGINATOR</bpmn2:from>\n          <bpmn2:to xsi:type=\"bpmn2:tFormalExpression\" id=\"FormalExpression_150\">_DataInput_19</bpmn2:to>\n        </bpmn2:assignment>\n      </bpmn2:dataInputAssociation>\n      <bpmn2:dataInputAssociation id=\"_DataInputAssociation_20\">\n        <bpmn2:targetRef>_DataInput_20</bpmn2:targetRef>\n      </bpmn2:dataInputAssociation>\n      <bpmn2:dataInputAssociation id=\"_DataInputAssociation_21\">\n        <bpmn2:targetRef>_DataInput_21</bpmn2:targetRef>\n      </bpmn2:dataInputAssociation>\n      <bpmn2:dataInputAssociation id=\"_DataInputAssociation_22\">\n        <bpmn2:targetRef>_DataInput_22</bpmn2:targetRef>\n        <bpmn2:assignment id=\"Assignment_14\">\n          <bpmn2:from xsi:type=\"bpmn2:tFormalExpression\" id=\"FormalExpression_28\">en-US</bpmn2:from>\n          <bpmn2:to xsi:type=\"bpmn2:tFormalExpression\" id=\"FormalExpression_27\">_DataInput_22</bpmn2:to>\n        </bpmn2:assignment>\n      </bpmn2:dataInputAssociation>\n      <bpmn2:dataInputAssociation id=\"DataInputAssociation_1\">\n        <bpmn2:targetRef>DataInput_1</bpmn2:targetRef>\n      </bpmn2:dataInputAssociation>\n      <bpmn2:dataInputAssociation id=\"DataInputAssociation_4\">\n        <bpmn2:targetRef>DataInput_4</bpmn2:targetRef>\n        <bpmn2:assignment id=\"Assignment_82\">\n          <bpmn2:from xsi:type=\"bpmn2:tFormalExpression\" id=\"FormalExpression_167\">ProcessInitiation</bpmn2:from>\n          <bpmn2:to xsi:type=\"bpmn2:tFormalExpression\" id=\"FormalExpression_166\">DataInput_4</bpmn2:to>\n        </bpmn2:assignment>\n      </bpmn2:dataInputAssociation>\n      <bpmn2:potentialOwner id=\"PotentialOwner_1\">\n        <bpmn2:resourceAssignmentExpression id=\"ResourceAssignmentExpression_1\">\n          <bpmn2:formalExpression id=\"FormalExpression_29\" language=\"http://www.java.com/java\">ORIGINATOR</bpmn2:formalExpression>\n        </bpmn2:resourceAssignmentExpression>\n      </bpmn2:potentialOwner>\n    </bpmn2:userTask>\n    <bpmn2:sequenceFlow id=\"SequenceFlow_2\" tns:priority=\"1\" sourceRef=\"UserTask_1\" targetRef=\"UserTask_2\"/>\n    <bpmn2:userTask id=\"UserTask_3\" name=\"ManagerApproval\">\n      <bpmn2:incoming>SequenceFlow_3</bpmn2:incoming>\n      <bpmn2:outgoing>SequenceFlow_17</bpmn2:outgoing>\n      <bpmn2:ioSpecification id=\"_InputOutputSpecification_6\">\n        <bpmn2:dataInput id=\"_DataInput_30\" itemSubjectRef=\"ItemDefinition_1\" name=\"TaskName\"/>\n        <bpmn2:dataInput id=\"_DataInput_31\" itemSubjectRef=\"ItemDefinition_2\" name=\"Priority\"/>\n        <bpmn2:dataInput id=\"_DataInput_32\" itemSubjectRef=\"ItemDefinition_1\" name=\"Comment\"/>\n        <bpmn2:dataInput id=\"_DataInput_33\" itemSubjectRef=\"ItemDefinition_1\" name=\"GroupId\"/>\n        <bpmn2:dataInput id=\"_DataInput_34\" itemSubjectRef=\"ItemDefinition_3\" name=\"Skippable\"/>\n        <bpmn2:dataInput id=\"_DataInput_35\" itemSubjectRef=\"ItemDefinition_1\" name=\"Content\"/>\n        <bpmn2:dataInput id=\"_DataInput_36\" itemSubjectRef=\"ItemDefinition_1\" name=\"Locale\"/>\n        <bpmn2:inputSet id=\"_InputSet_10\"/>\n        <bpmn2:inputSet id=\"_InputSet_11\" name=\"New Input Set\">\n          <bpmn2:dataInputRefs>_DataInput_30</bpmn2:dataInputRefs>\n          <bpmn2:dataInputRefs>_DataInput_31</bpmn2:dataInputRefs>\n          <bpmn2:dataInputRefs>_DataInput_32</bpmn2:dataInputRefs>\n          <bpmn2:dataInputRefs>_DataInput_33</bpmn2:dataInputRefs>\n          <bpmn2:dataInputRefs>_DataInput_34</bpmn2:dataInputRefs>\n          <bpmn2:dataInputRefs>_DataInput_35</bpmn2:dataInputRefs>\n          <bpmn2:dataInputRefs>_DataInput_36</bpmn2:dataInputRefs>\n        </bpmn2:inputSet>\n        <bpmn2:outputSet id=\"_OutputSet_10\"/>\n        <bpmn2:outputSet id=\"_OutputSet_11\" name=\"Output Set\"/>\n      </bpmn2:ioSpecification>\n      <bpmn2:dataInputAssociation id=\"_DataInputAssociation_30\">\n        <bpmn2:targetRef>_DataInput_30</bpmn2:targetRef>\n        <bpmn2:assignment id=\"Assignment_53\">\n          <bpmn2:from xsi:type=\"bpmn2:tFormalExpression\" id=\"FormalExpression_108\">ManagerApproval</bpmn2:from>\n          <bpmn2:to xsi:type=\"bpmn2:tFormalExpression\" id=\"FormalExpression_107\">_DataInput_30</bpmn2:to>\n        </bpmn2:assignment>\n      </bpmn2:dataInputAssociation>\n      <bpmn2:dataInputAssociation id=\"_DataInputAssociation_31\">\n        <bpmn2:targetRef>_DataInput_31</bpmn2:targetRef>\n      </bpmn2:dataInputAssociation>\n      <bpmn2:dataInputAssociation id=\"_DataInputAssociation_32\">\n        <bpmn2:targetRef>_DataInput_32</bpmn2:targetRef>\n      </bpmn2:dataInputAssociation>\n      <bpmn2:dataInputAssociation id=\"_DataInputAssociation_33\">\n        <bpmn2:targetRef>_DataInput_33</bpmn2:targetRef>\n      </bpmn2:dataInputAssociation>\n      <bpmn2:dataInputAssociation id=\"_DataInputAssociation_34\">\n        <bpmn2:targetRef>_DataInput_34</bpmn2:targetRef>\n      </bpmn2:dataInputAssociation>\n      <bpmn2:dataInputAssociation id=\"_DataInputAssociation_35\">\n        <bpmn2:targetRef>_DataInput_35</bpmn2:targetRef>\n      </bpmn2:dataInputAssociation>\n      <bpmn2:dataInputAssociation id=\"_DataInputAssociation_36\">\n        <bpmn2:targetRef>_DataInput_36</bpmn2:targetRef>\n        <bpmn2:assignment id=\"Assignment_59\">\n          <bpmn2:from xsi:type=\"bpmn2:tFormalExpression\" id=\"FormalExpression_120\">en-US</bpmn2:from>\n          <bpmn2:to xsi:type=\"bpmn2:tFormalExpression\" id=\"FormalExpression_119\">_DataInput_36</bpmn2:to>\n        </bpmn2:assignment>\n      </bpmn2:dataInputAssociation>\n      <bpmn2:potentialOwner id=\"PotentialOwner_3\">\n        <bpmn2:resourceAssignmentExpression id=\"ResourceAssignmentExpression_3\">\n          <bpmn2:formalExpression id=\"FormalExpression_135\" language=\"http://www.java.com/java\">MANAGER</bpmn2:formalExpression>\n        </bpmn2:resourceAssignmentExpression>\n      </bpmn2:potentialOwner>\n    </bpmn2:userTask>\n    <bpmn2:sequenceFlow id=\"SequenceFlow_17\" tns:priority=\"1\" sourceRef=\"UserTask_3\" targetRef=\"EndEvent_1\"/>\n    <bpmn2:endEvent id=\"EndEvent_1\" name=\"End task\">\n      <bpmn2:incoming>SequenceFlow_17</bpmn2:incoming>\n    </bpmn2:endEvent>\n  </bpmn2:process>\n</bpmn2:definitions>\n',306),(324,7777,'2015-04-01 13:31:18','PERSIST','\0','WIP_DEF','WIP_DEF','<?xml version=\"1.0\" encoding=\"UTF-8\"?>\n<bpmn2:definitions xmlns:xsi=\"http://www.w3.org/2001/XMLSchema-instance\"\n                   xmlns:bpmn2=\"http://www.omg.org/spec/BPMN/20100524/MODEL\"\n                   xmlns:tns=\"http://www.jboss.org/drools\"\n                   xmlns=\"http://www.jboss.org/drools\"\n                   xsi:schemaLocation=\"http://www.omg.org/spec/BPMN/20100524/MODEL BPMN20.xsd http://www.jboss.org/drools drools.xsd\"\n                   id=\"Definition\" expressionLanguage=\"http://www.mvel.org/2.0\"\n                   targetNamespace=\"http://www.jboss.org/drools\" typeLanguage=\"http://www.java.com/javaTypes\">\n  <bpmn2:itemDefinition id=\"ItemDefinition_1\" structureRef=\"String\"/>\n  <bpmn2:itemDefinition id=\"ItemDefinition_2\" structureRef=\"Integer\"/>\n  <bpmn2:itemDefinition id=\"ItemDefinition_3\" structureRef=\"Boolean\"/>\n  <bpmn2:process id=\"work_in_place_process\" tns:version=\"1\" tns:packageName=\"com.emlogis.workflow.predefined\" name=\"Shift Swap process\" isExecutable=\"true\" processType=\"Private\">\n    <bpmn2:startEvent id=\"StartEvent_1\" name=\"StartProcess\">\n      <bpmn2:outgoing>SequenceFlow_1</bpmn2:outgoing>\n    </bpmn2:startEvent>\n    <bpmn2:sequenceFlow id=\"SequenceFlow_1\" tns:priority=\"1\" sourceRef=\"StartEvent_1\" targetRef=\"UserTask_1\"/>\n    <bpmn2:userTask id=\"UserTask_2\" name=\"RecipientActions\" isForCompensation=\"true\" implementation=\"##WebService\">\n      <bpmn2:incoming>SequenceFlow_2</bpmn2:incoming>\n      <bpmn2:outgoing>SequenceFlow_3</bpmn2:outgoing>\n      <bpmn2:ioSpecification id=\"_InputOutputSpecification_5\">\n        <bpmn2:dataInput id=\"_DataInput_23\" itemSubjectRef=\"ItemDefinition_1\" name=\"TaskName\"/>\n        <bpmn2:dataInput id=\"_DataInput_24\" itemSubjectRef=\"ItemDefinition_2\" name=\"Priority\"/>\n        <bpmn2:dataInput id=\"_DataInput_25\" itemSubjectRef=\"ItemDefinition_1\" name=\"Comment\"/>\n        <bpmn2:dataInput id=\"_DataInput_26\" itemSubjectRef=\"ItemDefinition_1\" name=\"GroupId\"/>\n        <bpmn2:dataInput id=\"_DataInput_27\" itemSubjectRef=\"ItemDefinition_3\" name=\"Skippable\"/>\n        <bpmn2:dataInput id=\"_DataInput_28\" itemSubjectRef=\"ItemDefinition_1\" name=\"Content\"/>\n        <bpmn2:dataInput id=\"_DataInput_29\" itemSubjectRef=\"ItemDefinition_1\" name=\"Locale\"/>\n        <bpmn2:inputSet id=\"_InputSet_8\"/>\n        <bpmn2:inputSet id=\"_InputSet_9\" name=\"New Input Set\">\n          <bpmn2:dataInputRefs>_DataInput_23</bpmn2:dataInputRefs>\n          <bpmn2:dataInputRefs>_DataInput_24</bpmn2:dataInputRefs>\n          <bpmn2:dataInputRefs>_DataInput_25</bpmn2:dataInputRefs>\n          <bpmn2:dataInputRefs>_DataInput_26</bpmn2:dataInputRefs>\n          <bpmn2:dataInputRefs>_DataInput_27</bpmn2:dataInputRefs>\n          <bpmn2:dataInputRefs>_DataInput_28</bpmn2:dataInputRefs>\n          <bpmn2:dataInputRefs>_DataInput_29</bpmn2:dataInputRefs>\n        </bpmn2:inputSet>\n        <bpmn2:outputSet id=\"_OutputSet_8\"/>\n        <bpmn2:outputSet id=\"_OutputSet_9\" name=\"Output Set\"/>\n      </bpmn2:ioSpecification>\n      <bpmn2:dataInputAssociation id=\"_DataInputAssociation_23\">\n        <bpmn2:targetRef>_DataInput_23</bpmn2:targetRef>\n        <bpmn2:assignment id=\"Assignment_39\">\n          <bpmn2:from xsi:type=\"bpmn2:tFormalExpression\" id=\"FormalExpression_79\">recipient_action</bpmn2:from>\n          <bpmn2:to xsi:type=\"bpmn2:tFormalExpression\" id=\"FormalExpression_78\">_DataInput_23</bpmn2:to>\n        </bpmn2:assignment>\n      </bpmn2:dataInputAssociation>\n      <bpmn2:dataInputAssociation id=\"_DataInputAssociation_24\">\n        <bpmn2:targetRef>_DataInput_24</bpmn2:targetRef>\n      </bpmn2:dataInputAssociation>\n      <bpmn2:dataInputAssociation id=\"_DataInputAssociation_25\">\n        <bpmn2:targetRef>_DataInput_25</bpmn2:targetRef>\n      </bpmn2:dataInputAssociation>\n      <bpmn2:dataInputAssociation id=\"_DataInputAssociation_26\">\n        <bpmn2:targetRef>_DataInput_26</bpmn2:targetRef>\n      </bpmn2:dataInputAssociation>\n      <bpmn2:dataInputAssociation id=\"_DataInputAssociation_27\">\n        <bpmn2:targetRef>_DataInput_27</bpmn2:targetRef>\n      </bpmn2:dataInputAssociation>\n      <bpmn2:dataInputAssociation id=\"_DataInputAssociation_28\">\n        <bpmn2:targetRef>_DataInput_28</bpmn2:targetRef>\n      </bpmn2:dataInputAssociation>\n      <bpmn2:dataInputAssociation id=\"_DataInputAssociation_29\">\n        <bpmn2:targetRef>_DataInput_29</bpmn2:targetRef>\n        <bpmn2:assignment id=\"Assignment_45\">\n          <bpmn2:from xsi:type=\"bpmn2:tFormalExpression\" id=\"FormalExpression_91\">en-US</bpmn2:from>\n          <bpmn2:to xsi:type=\"bpmn2:tFormalExpression\" id=\"FormalExpression_90\">_DataInput_29</bpmn2:to>\n        </bpmn2:assignment>\n      </bpmn2:dataInputAssociation>\n      <bpmn2:potentialOwner id=\"PotentialOwner_2\">\n        <bpmn2:resourceAssignmentExpression id=\"ResourceAssignmentExpression_2\">\n          <bpmn2:formalExpression id=\"FormalExpression_106\" language=\"http://www.java.com/java\">RECIPIENT</bpmn2:formalExpression>\n        </bpmn2:resourceAssignmentExpression>\n      </bpmn2:potentialOwner>\n    </bpmn2:userTask>\n    <bpmn2:sequenceFlow id=\"SequenceFlow_3\" tns:priority=\"1\" sourceRef=\"UserTask_2\" targetRef=\"UserTask_3\"/>\n    <bpmn2:userTask id=\"UserTask_1\" name=\"ProcessInitiation\" isForCompensation=\"true\" implementation=\"##unspecified\">\n      <bpmn2:extensionElements>\n        <tns:onEntry-script scriptFormat=\"http://www.java.com/java\">\n          <tns:script></tns:script>\n        </tns:onEntry-script>\n      </bpmn2:extensionElements>\n      <bpmn2:incoming>SequenceFlow_1</bpmn2:incoming>\n      <bpmn2:outgoing>SequenceFlow_2</bpmn2:outgoing>\n      <bpmn2:ioSpecification id=\"_InputOutputSpecification_4\">\n        <bpmn2:dataInput id=\"_DataInput_18\" itemSubjectRef=\"ItemDefinition_1\" name=\"Comment\"/>\n        <bpmn2:dataInput id=\"_DataInput_19\" itemSubjectRef=\"ItemDefinition_1\" name=\"GroupId\"/>\n        <bpmn2:dataInput id=\"_DataInput_20\" itemSubjectRef=\"ItemDefinition_3\" name=\"Skippable\"/>\n        <bpmn2:dataInput id=\"_DataInput_21\" itemSubjectRef=\"ItemDefinition_1\" name=\"Content\"/>\n        <bpmn2:dataInput id=\"_DataInput_22\" itemSubjectRef=\"ItemDefinition_1\" name=\"Locale\"/>\n        <bpmn2:dataInput id=\"DataInput_1\" name=\"input1\"/>\n        <bpmn2:dataInput id=\"DataInput_4\" name=\"TaskName\"/>\n        <bpmn2:inputSet id=\"_InputSet_6\">\n          <bpmn2:dataInputRefs>DataInput_1</bpmn2:dataInputRefs>\n          <bpmn2:dataInputRefs>DataInput_4</bpmn2:dataInputRefs>\n        </bpmn2:inputSet>\n        <bpmn2:inputSet id=\"_InputSet_7\" name=\"New Input Set\">\n          <bpmn2:dataInputRefs>_DataInput_18</bpmn2:dataInputRefs>\n          <bpmn2:dataInputRefs>_DataInput_19</bpmn2:dataInputRefs>\n          <bpmn2:dataInputRefs>_DataInput_20</bpmn2:dataInputRefs>\n          <bpmn2:dataInputRefs>_DataInput_21</bpmn2:dataInputRefs>\n          <bpmn2:dataInputRefs>_DataInput_22</bpmn2:dataInputRefs>\n        </bpmn2:inputSet>\n        <bpmn2:outputSet id=\"_OutputSet_6\"/>\n        <bpmn2:outputSet id=\"_OutputSet_7\" name=\"Output Set\"/>\n      </bpmn2:ioSpecification>\n      <bpmn2:dataInputAssociation id=\"_DataInputAssociation_18\">\n        <bpmn2:targetRef>_DataInput_18</bpmn2:targetRef>\n      </bpmn2:dataInputAssociation>\n      <bpmn2:dataInputAssociation id=\"_DataInputAssociation_19\">\n        <bpmn2:targetRef>_DataInput_19</bpmn2:targetRef>\n        <bpmn2:assignment id=\"Assignment_74\">\n          <bpmn2:from xsi:type=\"bpmn2:tFormalExpression\" id=\"FormalExpression_151\">ORIGINATOR</bpmn2:from>\n          <bpmn2:to xsi:type=\"bpmn2:tFormalExpression\" id=\"FormalExpression_150\">_DataInput_19</bpmn2:to>\n        </bpmn2:assignment>\n      </bpmn2:dataInputAssociation>\n      <bpmn2:dataInputAssociation id=\"_DataInputAssociation_20\">\n        <bpmn2:targetRef>_DataInput_20</bpmn2:targetRef>\n      </bpmn2:dataInputAssociation>\n      <bpmn2:dataInputAssociation id=\"_DataInputAssociation_21\">\n        <bpmn2:targetRef>_DataInput_21</bpmn2:targetRef>\n      </bpmn2:dataInputAssociation>\n      <bpmn2:dataInputAssociation id=\"_DataInputAssociation_22\">\n        <bpmn2:targetRef>_DataInput_22</bpmn2:targetRef>\n        <bpmn2:assignment id=\"Assignment_14\">\n          <bpmn2:from xsi:type=\"bpmn2:tFormalExpression\" id=\"FormalExpression_28\">en-US</bpmn2:from>\n          <bpmn2:to xsi:type=\"bpmn2:tFormalExpression\" id=\"FormalExpression_27\">_DataInput_22</bpmn2:to>\n        </bpmn2:assignment>\n      </bpmn2:dataInputAssociation>\n      <bpmn2:dataInputAssociation id=\"DataInputAssociation_1\">\n        <bpmn2:targetRef>DataInput_1</bpmn2:targetRef>\n      </bpmn2:dataInputAssociation>\n      <bpmn2:dataInputAssociation id=\"DataInputAssociation_4\">\n        <bpmn2:targetRef>DataInput_4</bpmn2:targetRef>\n        <bpmn2:assignment id=\"Assignment_82\">\n          <bpmn2:from xsi:type=\"bpmn2:tFormalExpression\" id=\"FormalExpression_167\">ProcessInitiation</bpmn2:from>\n          <bpmn2:to xsi:type=\"bpmn2:tFormalExpression\" id=\"FormalExpression_166\">DataInput_4</bpmn2:to>\n        </bpmn2:assignment>\n      </bpmn2:dataInputAssociation>\n      <bpmn2:potentialOwner id=\"PotentialOwner_1\">\n        <bpmn2:resourceAssignmentExpression id=\"ResourceAssignmentExpression_1\">\n          <bpmn2:formalExpression id=\"FormalExpression_29\" language=\"http://www.java.com/java\">ORIGINATOR</bpmn2:formalExpression>\n        </bpmn2:resourceAssignmentExpression>\n      </bpmn2:potentialOwner>\n    </bpmn2:userTask>\n    <bpmn2:sequenceFlow id=\"SequenceFlow_2\" tns:priority=\"1\" sourceRef=\"UserTask_1\" targetRef=\"UserTask_2\"/>\n    <bpmn2:userTask id=\"UserTask_3\" name=\"ManagerApproval\">\n      <bpmn2:incoming>SequenceFlow_3</bpmn2:incoming>\n      <bpmn2:outgoing>SequenceFlow_17</bpmn2:outgoing>\n      <bpmn2:ioSpecification id=\"_InputOutputSpecification_6\">\n        <bpmn2:dataInput id=\"_DataInput_30\" itemSubjectRef=\"ItemDefinition_1\" name=\"TaskName\"/>\n        <bpmn2:dataInput id=\"_DataInput_31\" itemSubjectRef=\"ItemDefinition_2\" name=\"Priority\"/>\n        <bpmn2:dataInput id=\"_DataInput_32\" itemSubjectRef=\"ItemDefinition_1\" name=\"Comment\"/>\n        <bpmn2:dataInput id=\"_DataInput_33\" itemSubjectRef=\"ItemDefinition_1\" name=\"GroupId\"/>\n        <bpmn2:dataInput id=\"_DataInput_34\" itemSubjectRef=\"ItemDefinition_3\" name=\"Skippable\"/>\n        <bpmn2:dataInput id=\"_DataInput_35\" itemSubjectRef=\"ItemDefinition_1\" name=\"Content\"/>\n        <bpmn2:dataInput id=\"_DataInput_36\" itemSubjectRef=\"ItemDefinition_1\" name=\"Locale\"/>\n        <bpmn2:inputSet id=\"_InputSet_10\"/>\n        <bpmn2:inputSet id=\"_InputSet_11\" name=\"New Input Set\">\n          <bpmn2:dataInputRefs>_DataInput_30</bpmn2:dataInputRefs>\n          <bpmn2:dataInputRefs>_DataInput_31</bpmn2:dataInputRefs>\n          <bpmn2:dataInputRefs>_DataInput_32</bpmn2:dataInputRefs>\n          <bpmn2:dataInputRefs>_DataInput_33</bpmn2:dataInputRefs>\n          <bpmn2:dataInputRefs>_DataInput_34</bpmn2:dataInputRefs>\n          <bpmn2:dataInputRefs>_DataInput_35</bpmn2:dataInputRefs>\n          <bpmn2:dataInputRefs>_DataInput_36</bpmn2:dataInputRefs>\n        </bpmn2:inputSet>\n        <bpmn2:outputSet id=\"_OutputSet_10\"/>\n        <bpmn2:outputSet id=\"_OutputSet_11\" name=\"Output Set\"/>\n      </bpmn2:ioSpecification>\n      <bpmn2:dataInputAssociation id=\"_DataInputAssociation_30\">\n        <bpmn2:targetRef>_DataInput_30</bpmn2:targetRef>\n        <bpmn2:assignment id=\"Assignment_53\">\n          <bpmn2:from xsi:type=\"bpmn2:tFormalExpression\" id=\"FormalExpression_108\">ManagerApproval</bpmn2:from>\n          <bpmn2:to xsi:type=\"bpmn2:tFormalExpression\" id=\"FormalExpression_107\">_DataInput_30</bpmn2:to>\n        </bpmn2:assignment>\n      </bpmn2:dataInputAssociation>\n      <bpmn2:dataInputAssociation id=\"_DataInputAssociation_31\">\n        <bpmn2:targetRef>_DataInput_31</bpmn2:targetRef>\n      </bpmn2:dataInputAssociation>\n      <bpmn2:dataInputAssociation id=\"_DataInputAssociation_32\">\n        <bpmn2:targetRef>_DataInput_32</bpmn2:targetRef>\n      </bpmn2:dataInputAssociation>\n      <bpmn2:dataInputAssociation id=\"_DataInputAssociation_33\">\n        <bpmn2:targetRef>_DataInput_33</bpmn2:targetRef>\n      </bpmn2:dataInputAssociation>\n      <bpmn2:dataInputAssociation id=\"_DataInputAssociation_34\">\n        <bpmn2:targetRef>_DataInput_34</bpmn2:targetRef>\n      </bpmn2:dataInputAssociation>\n      <bpmn2:dataInputAssociation id=\"_DataInputAssociation_35\">\n        <bpmn2:targetRef>_DataInput_35</bpmn2:targetRef>\n      </bpmn2:dataInputAssociation>\n      <bpmn2:dataInputAssociation id=\"_DataInputAssociation_36\">\n        <bpmn2:targetRef>_DataInput_36</bpmn2:targetRef>\n        <bpmn2:assignment id=\"Assignment_59\">\n          <bpmn2:from xsi:type=\"bpmn2:tFormalExpression\" id=\"FormalExpression_120\">en-US</bpmn2:from>\n          <bpmn2:to xsi:type=\"bpmn2:tFormalExpression\" id=\"FormalExpression_119\">_DataInput_36</bpmn2:to>\n        </bpmn2:assignment>\n      </bpmn2:dataInputAssociation>\n      <bpmn2:potentialOwner id=\"PotentialOwner_3\">\n        <bpmn2:resourceAssignmentExpression id=\"ResourceAssignmentExpression_3\">\n          <bpmn2:formalExpression id=\"FormalExpression_135\" language=\"http://www.java.com/java\">MANAGER</bpmn2:formalExpression>\n        </bpmn2:resourceAssignmentExpression>\n      </bpmn2:potentialOwner>\n    </bpmn2:userTask>\n    <bpmn2:sequenceFlow id=\"SequenceFlow_17\" tns:priority=\"1\" sourceRef=\"UserTask_3\" targetRef=\"EndEvent_1\"/>\n    <bpmn2:endEvent id=\"EndEvent_1\" name=\"End task\">\n      <bpmn2:incoming>SequenceFlow_17</bpmn2:incoming>\n    </bpmn2:endEvent>\n  </bpmn2:process>\n</bpmn2:definitions>\n',305),(325,7777,'2015-04-01 13:31:18','PERSIST','\0','SS_DEF','SS_DEF','<?xml version=\"1.0\" encoding=\"UTF-8\"?>\n<bpmn2:definitions xmlns:xsi=\"http://www.w3.org/2001/XMLSchema-instance\"\n                   xmlns:bpmn2=\"http://www.omg.org/spec/BPMN/20100524/MODEL\"\n                   xmlns:tns=\"http://www.jboss.org/drools\"\n                   xmlns=\"http://www.jboss.org/drools\"\n                   xsi:schemaLocation=\"http://www.omg.org/spec/BPMN/20100524/MODEL BPMN20.xsd http://www.jboss.org/drools drools.xsd\"\n                   id=\"Definition\" expressionLanguage=\"http://www.mvel.org/2.0\"\n                   targetNamespace=\"http://www.jboss.org/drools\" typeLanguage=\"http://www.java.com/javaTypes\">\n  <bpmn2:itemDefinition id=\"ItemDefinition_1\" structureRef=\"String\"/>\n  <bpmn2:itemDefinition id=\"ItemDefinition_2\" structureRef=\"Integer\"/>\n  <bpmn2:itemDefinition id=\"ItemDefinition_3\" structureRef=\"Boolean\"/>\n  <bpmn2:process id=\"shift_swap_process\" tns:version=\"1\" tns:packageName=\"com.emlogis.workflow.predefined\" name=\"Shift Swap process\" isExecutable=\"true\" processType=\"Private\">\n    <bpmn2:startEvent id=\"StartEvent_1\" name=\"StartProcess\">\n      <bpmn2:outgoing>SequenceFlow_1</bpmn2:outgoing>\n    </bpmn2:startEvent>\n    <bpmn2:sequenceFlow id=\"SequenceFlow_1\" tns:priority=\"1\" sourceRef=\"StartEvent_1\" targetRef=\"UserTask_1\"/>\n    <bpmn2:userTask id=\"UserTask_2\" name=\"RecipientActions\" isForCompensation=\"true\" implementation=\"##WebService\">\n      <bpmn2:incoming>SequenceFlow_2</bpmn2:incoming>\n      <bpmn2:outgoing>SequenceFlow_3</bpmn2:outgoing>\n      <bpmn2:ioSpecification id=\"_InputOutputSpecification_5\">\n        <bpmn2:dataInput id=\"_DataInput_23\" itemSubjectRef=\"ItemDefinition_1\" name=\"TaskName\"/>\n        <bpmn2:dataInput id=\"_DataInput_24\" itemSubjectRef=\"ItemDefinition_2\" name=\"Priority\"/>\n        <bpmn2:dataInput id=\"_DataInput_25\" itemSubjectRef=\"ItemDefinition_1\" name=\"Comment\"/>\n        <bpmn2:dataInput id=\"_DataInput_26\" itemSubjectRef=\"ItemDefinition_1\" name=\"GroupId\"/>\n        <bpmn2:dataInput id=\"_DataInput_27\" itemSubjectRef=\"ItemDefinition_3\" name=\"Skippable\"/>\n        <bpmn2:dataInput id=\"_DataInput_28\" itemSubjectRef=\"ItemDefinition_1\" name=\"Content\"/>\n        <bpmn2:dataInput id=\"_DataInput_29\" itemSubjectRef=\"ItemDefinition_1\" name=\"Locale\"/>\n        <bpmn2:inputSet id=\"_InputSet_8\"/>\n        <bpmn2:inputSet id=\"_InputSet_9\" name=\"New Input Set\">\n          <bpmn2:dataInputRefs>_DataInput_23</bpmn2:dataInputRefs>\n          <bpmn2:dataInputRefs>_DataInput_24</bpmn2:dataInputRefs>\n          <bpmn2:dataInputRefs>_DataInput_25</bpmn2:dataInputRefs>\n          <bpmn2:dataInputRefs>_DataInput_26</bpmn2:dataInputRefs>\n          <bpmn2:dataInputRefs>_DataInput_27</bpmn2:dataInputRefs>\n          <bpmn2:dataInputRefs>_DataInput_28</bpmn2:dataInputRefs>\n          <bpmn2:dataInputRefs>_DataInput_29</bpmn2:dataInputRefs>\n        </bpmn2:inputSet>\n        <bpmn2:outputSet id=\"_OutputSet_8\"/>\n        <bpmn2:outputSet id=\"_OutputSet_9\" name=\"Output Set\"/>\n      </bpmn2:ioSpecification>\n      <bpmn2:dataInputAssociation id=\"_DataInputAssociation_23\">\n        <bpmn2:targetRef>_DataInput_23</bpmn2:targetRef>\n        <bpmn2:assignment id=\"Assignment_39\">\n          <bpmn2:from xsi:type=\"bpmn2:tFormalExpression\" id=\"FormalExpression_79\">recipient_action</bpmn2:from>\n          <bpmn2:to xsi:type=\"bpmn2:tFormalExpression\" id=\"FormalExpression_78\">_DataInput_23</bpmn2:to>\n        </bpmn2:assignment>\n      </bpmn2:dataInputAssociation>\n      <bpmn2:dataInputAssociation id=\"_DataInputAssociation_24\">\n        <bpmn2:targetRef>_DataInput_24</bpmn2:targetRef>\n      </bpmn2:dataInputAssociation>\n      <bpmn2:dataInputAssociation id=\"_DataInputAssociation_25\">\n        <bpmn2:targetRef>_DataInput_25</bpmn2:targetRef>\n      </bpmn2:dataInputAssociation>\n      <bpmn2:dataInputAssociation id=\"_DataInputAssociation_26\">\n        <bpmn2:targetRef>_DataInput_26</bpmn2:targetRef>\n      </bpmn2:dataInputAssociation>\n      <bpmn2:dataInputAssociation id=\"_DataInputAssociation_27\">\n        <bpmn2:targetRef>_DataInput_27</bpmn2:targetRef>\n      </bpmn2:dataInputAssociation>\n      <bpmn2:dataInputAssociation id=\"_DataInputAssociation_28\">\n        <bpmn2:targetRef>_DataInput_28</bpmn2:targetRef>\n      </bpmn2:dataInputAssociation>\n      <bpmn2:dataInputAssociation id=\"_DataInputAssociation_29\">\n        <bpmn2:targetRef>_DataInput_29</bpmn2:targetRef>\n        <bpmn2:assignment id=\"Assignment_45\">\n          <bpmn2:from xsi:type=\"bpmn2:tFormalExpression\" id=\"FormalExpression_91\">en-US</bpmn2:from>\n          <bpmn2:to xsi:type=\"bpmn2:tFormalExpression\" id=\"FormalExpression_90\">_DataInput_29</bpmn2:to>\n        </bpmn2:assignment>\n      </bpmn2:dataInputAssociation>\n      <bpmn2:potentialOwner id=\"PotentialOwner_2\">\n        <bpmn2:resourceAssignmentExpression id=\"ResourceAssignmentExpression_2\">\n          <bpmn2:formalExpression id=\"FormalExpression_106\" language=\"http://www.java.com/java\">RECIPIENT</bpmn2:formalExpression>\n        </bpmn2:resourceAssignmentExpression>\n      </bpmn2:potentialOwner>\n    </bpmn2:userTask>\n    <bpmn2:sequenceFlow id=\"SequenceFlow_3\" tns:priority=\"1\" sourceRef=\"UserTask_2\" targetRef=\"UserTask_3\"/>\n    <bpmn2:userTask id=\"UserTask_1\" name=\"ProcessInitiation\" isForCompensation=\"true\" implementation=\"##unspecified\">\n      <bpmn2:extensionElements>\n        <tns:onEntry-script scriptFormat=\"http://www.java.com/java\">\n          <tns:script></tns:script>\n        </tns:onEntry-script>\n      </bpmn2:extensionElements>\n      <bpmn2:incoming>SequenceFlow_1</bpmn2:incoming>\n      <bpmn2:outgoing>SequenceFlow_2</bpmn2:outgoing>\n      <bpmn2:ioSpecification id=\"_InputOutputSpecification_4\">\n        <bpmn2:dataInput id=\"_DataInput_18\" itemSubjectRef=\"ItemDefinition_1\" name=\"Comment\"/>\n        <bpmn2:dataInput id=\"_DataInput_19\" itemSubjectRef=\"ItemDefinition_1\" name=\"GroupId\"/>\n        <bpmn2:dataInput id=\"_DataInput_20\" itemSubjectRef=\"ItemDefinition_3\" name=\"Skippable\"/>\n        <bpmn2:dataInput id=\"_DataInput_21\" itemSubjectRef=\"ItemDefinition_1\" name=\"Content\"/>\n        <bpmn2:dataInput id=\"_DataInput_22\" itemSubjectRef=\"ItemDefinition_1\" name=\"Locale\"/>\n        <bpmn2:dataInput id=\"DataInput_1\" name=\"input1\"/>\n        <bpmn2:dataInput id=\"DataInput_4\" name=\"TaskName\"/>\n        <bpmn2:inputSet id=\"_InputSet_6\">\n          <bpmn2:dataInputRefs>DataInput_1</bpmn2:dataInputRefs>\n          <bpmn2:dataInputRefs>DataInput_4</bpmn2:dataInputRefs>\n        </bpmn2:inputSet>\n        <bpmn2:inputSet id=\"_InputSet_7\" name=\"New Input Set\">\n          <bpmn2:dataInputRefs>_DataInput_18</bpmn2:dataInputRefs>\n          <bpmn2:dataInputRefs>_DataInput_19</bpmn2:dataInputRefs>\n          <bpmn2:dataInputRefs>_DataInput_20</bpmn2:dataInputRefs>\n          <bpmn2:dataInputRefs>_DataInput_21</bpmn2:dataInputRefs>\n          <bpmn2:dataInputRefs>_DataInput_22</bpmn2:dataInputRefs>\n        </bpmn2:inputSet>\n        <bpmn2:outputSet id=\"_OutputSet_6\"/>\n        <bpmn2:outputSet id=\"_OutputSet_7\" name=\"Output Set\"/>\n      </bpmn2:ioSpecification>\n      <bpmn2:dataInputAssociation id=\"_DataInputAssociation_18\">\n        <bpmn2:targetRef>_DataInput_18</bpmn2:targetRef>\n      </bpmn2:dataInputAssociation>\n      <bpmn2:dataInputAssociation id=\"_DataInputAssociation_19\">\n        <bpmn2:targetRef>_DataInput_19</bpmn2:targetRef>\n        <bpmn2:assignment id=\"Assignment_74\">\n          <bpmn2:from xsi:type=\"bpmn2:tFormalExpression\" id=\"FormalExpression_151\">ORIGINATOR</bpmn2:from>\n          <bpmn2:to xsi:type=\"bpmn2:tFormalExpression\" id=\"FormalExpression_150\">_DataInput_19</bpmn2:to>\n        </bpmn2:assignment>\n      </bpmn2:dataInputAssociation>\n      <bpmn2:dataInputAssociation id=\"_DataInputAssociation_20\">\n        <bpmn2:targetRef>_DataInput_20</bpmn2:targetRef>\n      </bpmn2:dataInputAssociation>\n      <bpmn2:dataInputAssociation id=\"_DataInputAssociation_21\">\n        <bpmn2:targetRef>_DataInput_21</bpmn2:targetRef>\n      </bpmn2:dataInputAssociation>\n      <bpmn2:dataInputAssociation id=\"_DataInputAssociation_22\">\n        <bpmn2:targetRef>_DataInput_22</bpmn2:targetRef>\n        <bpmn2:assignment id=\"Assignment_14\">\n          <bpmn2:from xsi:type=\"bpmn2:tFormalExpression\" id=\"FormalExpression_28\">en-US</bpmn2:from>\n          <bpmn2:to xsi:type=\"bpmn2:tFormalExpression\" id=\"FormalExpression_27\">_DataInput_22</bpmn2:to>\n        </bpmn2:assignment>\n      </bpmn2:dataInputAssociation>\n      <bpmn2:dataInputAssociation id=\"DataInputAssociation_1\">\n        <bpmn2:targetRef>DataInput_1</bpmn2:targetRef>\n      </bpmn2:dataInputAssociation>\n      <bpmn2:dataInputAssociation id=\"DataInputAssociation_4\">\n        <bpmn2:targetRef>DataInput_4</bpmn2:targetRef>\n        <bpmn2:assignment id=\"Assignment_82\">\n          <bpmn2:from xsi:type=\"bpmn2:tFormalExpression\" id=\"FormalExpression_167\">ProcessInitiation</bpmn2:from>\n          <bpmn2:to xsi:type=\"bpmn2:tFormalExpression\" id=\"FormalExpression_166\">DataInput_4</bpmn2:to>\n        </bpmn2:assignment>\n      </bpmn2:dataInputAssociation>\n      <bpmn2:potentialOwner id=\"PotentialOwner_1\">\n        <bpmn2:resourceAssignmentExpression id=\"ResourceAssignmentExpression_1\">\n          <bpmn2:formalExpression id=\"FormalExpression_29\" language=\"http://www.java.com/java\">ORIGINATOR</bpmn2:formalExpression>\n        </bpmn2:resourceAssignmentExpression>\n      </bpmn2:potentialOwner>\n    </bpmn2:userTask>\n    <bpmn2:sequenceFlow id=\"SequenceFlow_2\" tns:priority=\"1\" sourceRef=\"UserTask_1\" targetRef=\"UserTask_2\"/>\n    <bpmn2:userTask id=\"UserTask_3\" name=\"ManagerApproval\">\n      <bpmn2:incoming>SequenceFlow_3</bpmn2:incoming>\n      <bpmn2:outgoing>SequenceFlow_17</bpmn2:outgoing>\n      <bpmn2:ioSpecification id=\"_InputOutputSpecification_6\">\n        <bpmn2:dataInput id=\"_DataInput_30\" itemSubjectRef=\"ItemDefinition_1\" name=\"TaskName\"/>\n        <bpmn2:dataInput id=\"_DataInput_31\" itemSubjectRef=\"ItemDefinition_2\" name=\"Priority\"/>\n        <bpmn2:dataInput id=\"_DataInput_32\" itemSubjectRef=\"ItemDefinition_1\" name=\"Comment\"/>\n        <bpmn2:dataInput id=\"_DataInput_33\" itemSubjectRef=\"ItemDefinition_1\" name=\"GroupId\"/>\n        <bpmn2:dataInput id=\"_DataInput_34\" itemSubjectRef=\"ItemDefinition_3\" name=\"Skippable\"/>\n        <bpmn2:dataInput id=\"_DataInput_35\" itemSubjectRef=\"ItemDefinition_1\" name=\"Content\"/>\n        <bpmn2:dataInput id=\"_DataInput_36\" itemSubjectRef=\"ItemDefinition_1\" name=\"Locale\"/>\n        <bpmn2:inputSet id=\"_InputSet_10\"/>\n        <bpmn2:inputSet id=\"_InputSet_11\" name=\"New Input Set\">\n          <bpmn2:dataInputRefs>_DataInput_30</bpmn2:dataInputRefs>\n          <bpmn2:dataInputRefs>_DataInput_31</bpmn2:dataInputRefs>\n          <bpmn2:dataInputRefs>_DataInput_32</bpmn2:dataInputRefs>\n          <bpmn2:dataInputRefs>_DataInput_33</bpmn2:dataInputRefs>\n          <bpmn2:dataInputRefs>_DataInput_34</bpmn2:dataInputRefs>\n          <bpmn2:dataInputRefs>_DataInput_35</bpmn2:dataInputRefs>\n          <bpmn2:dataInputRefs>_DataInput_36</bpmn2:dataInputRefs>\n        </bpmn2:inputSet>\n        <bpmn2:outputSet id=\"_OutputSet_10\"/>\n        <bpmn2:outputSet id=\"_OutputSet_11\" name=\"Output Set\"/>\n      </bpmn2:ioSpecification>\n      <bpmn2:dataInputAssociation id=\"_DataInputAssociation_30\">\n        <bpmn2:targetRef>_DataInput_30</bpmn2:targetRef>\n        <bpmn2:assignment id=\"Assignment_53\">\n          <bpmn2:from xsi:type=\"bpmn2:tFormalExpression\" id=\"FormalExpression_108\">ManagerApproval</bpmn2:from>\n          <bpmn2:to xsi:type=\"bpmn2:tFormalExpression\" id=\"FormalExpression_107\">_DataInput_30</bpmn2:to>\n        </bpmn2:assignment>\n      </bpmn2:dataInputAssociation>\n      <bpmn2:dataInputAssociation id=\"_DataInputAssociation_31\">\n        <bpmn2:targetRef>_DataInput_31</bpmn2:targetRef>\n      </bpmn2:dataInputAssociation>\n      <bpmn2:dataInputAssociation id=\"_DataInputAssociation_32\">\n        <bpmn2:targetRef>_DataInput_32</bpmn2:targetRef>\n      </bpmn2:dataInputAssociation>\n      <bpmn2:dataInputAssociation id=\"_DataInputAssociation_33\">\n        <bpmn2:targetRef>_DataInput_33</bpmn2:targetRef>\n      </bpmn2:dataInputAssociation>\n      <bpmn2:dataInputAssociation id=\"_DataInputAssociation_34\">\n        <bpmn2:targetRef>_DataInput_34</bpmn2:targetRef>\n      </bpmn2:dataInputAssociation>\n      <bpmn2:dataInputAssociation id=\"_DataInputAssociation_35\">\n        <bpmn2:targetRef>_DataInput_35</bpmn2:targetRef>\n      </bpmn2:dataInputAssociation>\n      <bpmn2:dataInputAssociation id=\"_DataInputAssociation_36\">\n        <bpmn2:targetRef>_DataInput_36</bpmn2:targetRef>\n        <bpmn2:assignment id=\"Assignment_59\">\n          <bpmn2:from xsi:type=\"bpmn2:tFormalExpression\" id=\"FormalExpression_120\">en-US</bpmn2:from>\n          <bpmn2:to xsi:type=\"bpmn2:tFormalExpression\" id=\"FormalExpression_119\">_DataInput_36</bpmn2:to>\n        </bpmn2:assignment>\n      </bpmn2:dataInputAssociation>\n      <bpmn2:potentialOwner id=\"PotentialOwner_3\">\n        <bpmn2:resourceAssignmentExpression id=\"ResourceAssignmentExpression_3\">\n          <bpmn2:formalExpression id=\"FormalExpression_135\" language=\"http://www.java.com/java\">MANAGER</bpmn2:formalExpression>\n        </bpmn2:resourceAssignmentExpression>\n      </bpmn2:potentialOwner>\n    </bpmn2:userTask>\n    <bpmn2:sequenceFlow id=\"SequenceFlow_17\" tns:priority=\"1\" sourceRef=\"UserTask_3\" targetRef=\"EndEvent_1\"/>\n    <bpmn2:endEvent id=\"EndEvent_1\" name=\"End task\">\n      <bpmn2:incoming>SequenceFlow_17</bpmn2:incoming>\n    </bpmn2:endEvent>\n  </bpmn2:process>\n</bpmn2:definitions>\n',304);
/*!40000 ALTER TABLE `wfl_template` ENABLE KEYS */;
UNLOCK TABLES;
/*!40103 SET TIME_ZONE=@OLD_TIME_ZONE */;

/*!40101 SET SQL_MODE=@OLD_SQL_MODE */;
/*!40014 SET FOREIGN_KEY_CHECKS=@OLD_FOREIGN_KEY_CHECKS */;
/*!40014 SET UNIQUE_CHECKS=@OLD_UNIQUE_CHECKS */;
/*!40101 SET CHARACTER_SET_CLIENT=@OLD_CHARACTER_SET_CLIENT */;
/*!40101 SET CHARACTER_SET_RESULTS=@OLD_CHARACTER_SET_RESULTS */;
/*!40101 SET COLLATION_CONNECTION=@OLD_COLLATION_CONNECTION */;
/*!40111 SET SQL_NOTES=@OLD_SQL_NOTES */;